Reddit Link,News Link
https://www.reddit.com/r/unitedkingdom/comments/kkq7a4/its_time_to_leave_the_word_brexit_behind_and_hold/,https://www.independent.co.uk/voices/letters/brexit-deal-eu-boris-johnson-trade-b1779091.html
https://www.reddit.com/r/unitedkingdom/comments/9xu98r/if_the_uk_is_to_learn_one_thing_from_this_brexit/,NA
https://www.reddit.com/r/unitedkingdom/comments/b0wdbm/article_50_should_have_been_revoked_yesterday/,NA
https://www.reddit.com/r/unitedkingdom/comments/8q7jae/70_of_young_scots_believe_brexit_vote_was_a_bad/,https://www.glasgowlive.co.uk/news/glasgow-news/70-young-scots-believe-brexit-14767630
https://www.reddit.com/r/unitedkingdom/comments/bd0nhg/judge_orders_ukip_to_reveal_brexit_referendum/,https://www.theguardian.com/politics/2019/apr/14/judge-orders-ukip-reveal-brexit-referendum-data-use
https://www.reddit.com/r/unitedkingdom/comments/6fuhng/nicola_sturgeon_difficult_theresa_may_will/,NA
https://www.reddit.com/r/unitedkingdom/comments/dkovvn/new_postbrexit_tv_show_a_place_in_the_shit_a/,https://simpleflying.com/uk-airports-100ml-rule-removal-guide/
https://www.reddit.com/r/unitedkingdom/comments/brqxz2/nigel_farage_stuck_on_brexit_bus_due_to_people/,https://www.mirror.co.uk/news/uk-news/breaking-nigel-farage-stuck-brexit-16185168
https://www.reddit.com/r/unitedkingdom/comments/kn5nue/brexit_theresa_may_tells_mps_that_her_deal_was/,https://www.independent.co.uk/news/uk/politics/brexit-theresa-may-boris-johnson-trade-deal-b1780329.html
https://www.reddit.com/r/unitedkingdom/comments/em7etu/unforgivable_uproar_after_erasmus_scheme_scrapped/,https://scramnews.com/unforgivable-uproar-after-erasmus-scheme-scrapped-in-brexit-vote/
https://www.reddit.com/r/unitedkingdom/comments/5yemgp/theresa_may_hailed_a_baking_company_as_proof_that/,https://www.ft.com/content/e4b63df0-77fa-38f3-a613-4be4b86ec91f
https://www.reddit.com/r/unitedkingdom/comments/9rknpo/alan_sugar_says_boris_johnson_and_michael_gove/,https://www.independent.co.uk/news/uk/politics/brexit-alan-sugar-boris-johnson-michael-gove-imprisoned-lies-350m-nhs-vote-leave-apprentice-a8601891.html
https://www.reddit.com/r/unitedkingdom/comments/blqlv0/a_world_first_boris_johnson_to_face_private/,https://m.independent.ie/world-news/europe/britain/a-world-first-boris-johnson-to-face-private-prosecution-over-brexit-campaign-claims-38087479.html
https://www.reddit.com/r/unitedkingdom/comments/eh56sf/a_hard_brexit_is_going_to_be_dangled_over_our/,NA
https://www.reddit.com/r/unitedkingdom/comments/bcrv28/uk_parliament_very_likely_to_consider_new_brexit/,https://www.cnbc.com/2019/04/13/uk-parliament-very-likely-to-consider-new-brexit-referendum-says-british-finance-minister.html
https://www.reddit.com/r/unitedkingdom/comments/afd6x5/more_than_100_meps_from_every_corner_of_eu_sign/,https://www.independent.co.uk/news/uk/politics/brexit-meps-european-parliament-final-say-peoples-vote-second-referendum-a8723066.html
https://www.reddit.com/r/unitedkingdom/comments/a64gwj/the_scottish_tories_are_preparing_to_back_a/,https://www.newstatesman.com/politics/staggers/2018/12/scottish-tories-are-preparing-back-second-brexit-referendum
https://www.reddit.com/r/unitedkingdom/comments/jc7u21/brexit_boris_johnson_says_its_time_to_get_ready/,NA
https://www.reddit.com/r/unitedkingdom/comments/8mxbip/nick_clegg_brexiteers_are_right_to_panic_theyve/,https://inews.co.uk/opinion/columnists/nick-clegg-the-brexiteers-are-right-to-panic/
https://www.reddit.com/r/unitedkingdom/comments/bcahb2/big_day_ahead_for_nigel_farage_and_his_new_brexit/,NA
https://www.reddit.com/r/unitedkingdom/comments/arjeb8/brexit_billboard_crusaders_four_working_dads_are/,https://www.euronews.com/2019/02/17/brexit-billboard-crusaders-four-working-dads-are-holding-politicians-to-account
https://www.reddit.com/r/unitedkingdom/comments/86ur39/brexit_campaign_was_totally_illegal_claims/,https://www.channel4.com/news/brexit-campaign-was-totally-illegal-claims-whistleblower
https://www.reddit.com/r/unitedkingdom/comments/cwih0z/general_strike_is_the_best_answer_we_the_people/,NA
https://www.reddit.com/r/unitedkingdom/comments/bm595a/eu_officials_privately_branded_theresa_mays/,https://www.independent.co.uk/news/uk/politics/brexit-theresa-may-eu-bbc-documentary-behind-closed-doors-barnier-verhofstadt-a8904156.html
https://www.reddit.com/r/unitedkingdom/comments/9q20et/no_significant_arrests_made_after_600000_attend/,https://www.standard.co.uk/news/london/no-significant-arrests-made-after-thousands-attend-people-s-vote-march-a3967256.html
https://www.reddit.com/r/unitedkingdom/comments/ajyabw/the_will_of_the_people_on_brexit_was_not_fixed/,https://www.theguardian.com/commentisfree/2019/jan/25/will-of-the-people-brexit-june-2016-leavers
https://www.reddit.com/r/unitedkingdom/comments/8d3pxi/each_brexit_scenario_will_leave_britain_worse_off/,https://www.theguardian.com/politics/2018/apr/18/each-brexit-scenario-will-leave-britain-worse-off-study-finds
https://www.reddit.com/r/unitedkingdom/comments/xf1kjb/hmrc_data_confirms_brexit_has_decimated_uk_exports/,https://www.thelondoneconomic.com/news/hmrc-data-confirms-brexit-has-decimated-uk-exports-335181/
https://www.reddit.com/r/unitedkingdom/comments/lrfoqv/boris_johnson_a_liar_who_will_seek_to_blame/,https://www.theguardian.com/politics/2021/feb/24/boris-johnson-a-liar-who-will-seek-to-blame-brexit-costs-on-covid-says-diplomat?CMP=Share_AndroidApp_Other
https://www.reddit.com/r/unitedkingdom/comments/61r06c/the_uk_was_due_to_take_over_the_eu_presidency_on/,https://www.ft.com/content/9dfa35aa-4e5b-11e6-8172-e39ecd3b86fc
https://www.reddit.com/r/unitedkingdom/comments/d0iejc/a_comment_about_brexit_by_british_food_critic_jay/,NA
https://www.reddit.com/r/unitedkingdom/comments/7hx4z1/david_davis_has_just_admitted_that_the_government/,NA
https://www.reddit.com/r/unitedkingdom/comments/hiilqo/jarvis_cocker_on_brexit_being_english_feels_a_bit/,https://www.nme.com/news/music/jarvis-cocker-on-brexit-being-english-feels-a-bit-embarrassing-at-the-moment-2697924
https://www.reddit.com/r/unitedkingdom/comments/wust27/jeremy_corbyn_warned_that_brexit_would_lead_to/,https://www.thelondoneconomic.com/politics/jeremy-corbyn-warned-that-brexit-would-lead-to-sewage-discharge-on-british-beaches-332640/?fbclid=IwAR1pJ5Xu48FU81Tswn7jgae1ZgEENA91nQMSgIFJbyDajaFNTgXRxc8XeTI
https://www.reddit.com/r/unitedkingdom/comments/cgr4ux/eu_shoots_down_boris_johnsons_brexit_plan_within/,https://www.independent.co.uk/news/uk/politics/brexit-boris-johnson-eu-deal-tory-leadership-result-brussels-a9016911.html
https://www.reddit.com/r/unitedkingdom/comments/66up36/list_of_stats_that_show_the_damage_the/,NA
https://www.reddit.com/r/unitedkingdom/comments/5hdsvd/eu_will_allow_individual_british_citizens_to/,NA
https://www.reddit.com/r/unitedkingdom/comments/b5od0h/brexit_political_will_of_the_people_must_be_in/,https://www.independent.co.uk/news/uk/politics/brexit-will-of-people-poll-leave-remain-eu-second-referendum-vote-centre-social-research-curtice-a8839996.html
https://www.reddit.com/r/unitedkingdom/comments/6te6ob/david_miliband_calls_for_second_referendum_on/,NA
https://www.reddit.com/r/unitedkingdom/comments/do09sa/clocks_going_back_means_brexit_is_delayed_by/,https://newsthump.com/2019/10/27/clocks-going-back-means-brexit-is-delayed-by-another-full-hour-moan-angry-brexiters/
https://www.reddit.com/r/unitedkingdom/comments/8unlfn/danny_dyer_on_brexit/,https://streamable.com/5csxj
https://www.reddit.com/r/unitedkingdom/comments/kc96y9/brexit_is_the_worst_decision_of_modern_times_why/,https://www.theguardian.com/commentisfree/2020/dec/13/brexit-is-the-worst-decision-of-modern-times-why-are-its-critics-in-cabinet-so-silent?CMP=Share_AndroidApp_Other
https://www.reddit.com/r/unitedkingdom/comments/ebe1ix/dear_bbc_news_the_problem_isnt_bias_its_the/,NA
https://www.reddit.com/r/unitedkingdom/comments/d1wpbx/for_those_keeping_count_for_boris_johnson_5_days/,NA
https://www.reddit.com/r/unitedkingdom/comments/dj4i9y/the_new_brexitdeal_is_economically_worse_for/,https://www.economist.com/leaders/2019/10/17/voters-should-get-a-say-on-any-deal-between-britain-and-the-eu
https://www.reddit.com/r/unitedkingdom/comments/kwtvuf/fisheries_minister_did_not_read_brexit_bill_as/,https://www.theguardian.com/politics/2021/jan/13/fisheries-minister-admits-not-reading-brexit-bill-as-she-was-at-nativity
https://www.reddit.com/r/unitedkingdom/comments/a4juro/britains_youth_will_never_forgive_us_for_brexit/,https://www.theguardian.com/politics/2018/dec/08/britains-youth-will-never-forgive-us-for-brexit-says-lord-heseltine
https://www.reddit.com/r/unitedkingdom/comments/8ybrua/theresa_may_bows_to_eu_pressure_to_keep_uk_in/,https://www.independent.co.uk/news/uk/politics/theresa-may-brexit-white-paper-eu-european-convention-on-human-rights-tory-mps-a8444386.html
https://www.reddit.com/r/unitedkingdom/comments/m3dcxd/exports_to_eu_plunge_by_56bn_in_first_month_since/,https://www.theguardian.com/business/2021/mar/12/exports-to-eu-plunge-in-first-month-since-brexit-uk-economy?CMP=Share_AndroidApp_Other
https://www.reddit.com/r/unitedkingdom/comments/do6hl8/bbc_news_eu_agrees_to_brexit_extension_to_31/,https://www.bbc.co.uk/news/uk-politics-50205603
https://www.reddit.com/r/unitedkingdom/comments/ucxue0/brexit_has_caused_uk_food_prices_to_rise_6_as/,https://www.independent.co.uk/news/uk/politics/brexit-food-prices-living-costs-b2065985.html#l2h8xp1ey7sxaqynx8
https://www.reddit.com/r/unitedkingdom/comments/ij8bjq/47_of_brits_think_brexit_was_a_bad_idea_new_poll/,https://www.thelondoneconomic.com/politics/47-of-brits-think-brexit-was-a-bad-idea-new-poll/26/08/
https://www.reddit.com/r/unitedkingdom/comments/eoya2x/eu_confirms_there_will_be_border_checks_inside_uk/,https://www.independent.co.uk/news/uk/politics/brexit-deal-border-check-boris-johnson-uk-eu-barnier-northern-ireland-goods-a9283686.html
https://www.reddit.com/r/unitedkingdom/comments/6xzyfi/uk_brexit_team_furious_as_eu_threatens_to_keep/,NA
https://www.reddit.com/r/unitedkingdom/comments/68yxn2/please_vote_tomorrow_united_kingdom/,NA
https://www.reddit.com/r/unitedkingdom/comments/d197us/france_will_veto_another_brexit_delay_unless_uk/,https://www.independent.co.uk/news/uk/politics/brexit-news-latest-article-50-delay-france-boris-johnson-extension-a9096361.html
https://www.reddit.com/r/unitedkingdom/comments/ex21jt/brexit_the_most_pointless_masochistic_ambition_in/,https://www.theguardian.com/politics/2020/feb/01/brexit-pointless-masochistic-ambition-history-done
https://www.reddit.com/r/unitedkingdom/comments/an178a/nicola_sturgeon_uk_is_not_remotely_prepared_to/,https://www.thenational.scot/news/17406647.nicola-sturgeon-uk-is-not-remotely-prepared-to-leave-eu/
https://www.reddit.com/r/unitedkingdom/comments/prw2oo/poll_53_per_cent_of_uk_thinks_brexit_created_more/,https://www.cityam.com/new-poll-53-per-cent-of-uk-thinks-brexit-deal-has-created-more-problems-than-it-solved/
https://www.reddit.com/r/unitedkingdom/comments/b8924s/all_brexit_options_rejected_again/,NA
https://www.reddit.com/r/unitedkingdom/comments/bmhn05/liberal_democrat_stop_brexit_manifesto_for_eu/,https://www.libdems.org.uk/manifesto
https://www.reddit.com/r/unitedkingdom/comments/7fglpz/brexit_is_britains_vietnam_every_rational_person/,NA
https://www.reddit.com/r/unitedkingdom/comments/o9j7hw/i_a_german_spent_my_lunch_break_today_looking_at/,NA
https://www.reddit.com/r/unitedkingdom/comments/czayc0/bbc_news_pm_loses_key_vote_on_brexit/,https://www.bbc.co.uk/news/uk-politics-49573555
https://www.reddit.com/r/unitedkingdom/comments/932lxc/steve_bullock_on_twitter_shock_poll_this_morning/,NA
https://www.reddit.com/r/unitedkingdom/comments/d1p6wm/boris_johnson_to_suspend_parliament_today_for/,https://www.independent.co.uk/news/uk/politics/boris-johnson-news-parliament-prorogue-suspend-brexit-commons-latest-a9097401.html
https://www.reddit.com/r/unitedkingdom/comments/pmnn0f/just_3m_for_cornwall_rather_than_100m_before/,https://www.falmouthpacket.co.uk/news/19571108.cornwall-get-just-3m-replacement-funding-leaving-eu/
https://www.reddit.com/r/unitedkingdom/comments/p3s2ht/brexit_has_brought_no_benefits_uk_manufacturers/,https://www.thelondoneconomic.com/news/brexit-benefits-uk-manufacturers-285873/
https://www.reddit.com/r/unitedkingdom/comments/egahvv/nearly_1m_irish_passports_issued_in/,https://www.independent.co.uk/news/uk/home-news/irish-passports-surge-in-applicants-after-brexit-simon-coveney-a9261031.html
https://www.reddit.com/r/unitedkingdom/comments/l00zcf/boris_johnson_blames_seafood_exporters_not/,https://www.independent.co.uk/news/uk/politics/brexit-seafood-sales-boris-johnson-b1788936.html
https://www.reddit.com/r/unitedkingdom/comments/7wzy9k/we_thought_that_27_countries_would_be_squabbling/,NA
https://www.reddit.com/r/unitedkingdom/comments/cqs8nz/tory_mp_breaks_rank_to_back_corbyn_as_caretaker/,https://www.independent.co.uk/news/uk/politics/guto-bebb-corbyn-pm-government-block-no-deal-brexit-boris-a9061261.html
https://www.reddit.com/r/unitedkingdom/comments/dgasrh/brexit_party_meps_vote_against_plans_to_tackle/,https://www.theguardian.com/world/2019/oct/10/brexit-party-meps-vote-against-measure-to-combat-russian-propaganda
https://www.reddit.com/r/unitedkingdom/comments/ah7m5u/voters_want_to_remain_in_eu_by_12point_margin_as/,https://www.independent.co.uk/news/uk/politics/brexit-poll-leave-remain-eu-vote-theresa-may-yougov-peoples-vote-referendum-a8733541.html
https://www.reddit.com/r/unitedkingdom/comments/9phi9p/if_you_think_brexit_will_leave_us_weaker_and/,https://www.theguardian.com/commentisfree/2018/oct/19/brexit-britain-weaker-poorer-peoples-vote?CMP=Share_iOSApp_Other
https://www.reddit.com/r/unitedkingdom/comments/dlzzw3/boris_johnson_cant_explain_why_workers_rights/,https://www.mirror.co.uk/news/politics/boris-johnson-cant-explain-workers-20705784
https://www.reddit.com/r/unitedkingdom/comments/87zywp/hard_brexit_poll_suggests_northern_ireland_would/,https://www.independent.co.uk/news/uk/home-news/northern-ireland-support-join-irish-republic-eu-hard-brexit-poll-lucidtalk-a8098531.html
https://www.reddit.com/r/unitedkingdom/comments/69qmlg/jeremy_hunt_admits_he_cant_deliver_350maweek/,NA
https://www.reddit.com/r/unitedkingdom/comments/76xxem/reverse_brexit_with_second_referendum_to_save/,NA
https://www.reddit.com/r/unitedkingdom/comments/z14jng/labour_must_make_sure_no_one_forgets_the_tories/,https://www.newstatesman.com/comment/2022/11/tories-brexit-disaster-britain-labour
https://www.reddit.com/r/unitedkingdom/comments/awfj2v/giant_poster_goes_up_in_city_centre_mocking/,https://www.walesonline.co.uk/news/uk-news/giant-poster-goes-up-city-15901255
https://www.reddit.com/r/unitedkingdom/comments/57qcv8/i_met_my_first_expat_brexiteer_last_night_these/,NA
https://www.reddit.com/r/unitedkingdom/comments/7h94uo/second_brexit_referendum_has_16point_lead_as_half/,NA
https://www.reddit.com/r/unitedkingdom/comments/d3jw9e/boycott_of_probrexit_sun_newspaper_helped_cut/,https://pressgazette.co.uk/sun-boycott-liverpool-cut-euroscepticism-brexit-in-merseyside-study-claims/
https://www.reddit.com/r/unitedkingdom/comments/66jagl/eu_would_welcome_uk_back_if_election_voters_veto/,https://www.theguardian.com/politics/2017/apr/20/european-parliament-will-welcome-britain-back-if-voters-veto-brexit
https://www.reddit.com/r/unitedkingdom/comments/ajn11j/if_brexit_is_still_the_will_of_the_people_then/,NA
https://www.reddit.com/r/unitedkingdom/comments/b08ysz/as_a_british_academic_i_have_never_felt_more/,NA
https://www.reddit.com/r/unitedkingdom/comments/dfxm0a/nigel_farage_and_the_brexit_party_have_voted/,https://www.theguardian.com/politics/live/2019/oct/10/brexit-latest-news-boris-johnson-varadkar-corbyn-no-deal-would-put-lives-at-risk-says-former-chief-medical-officer-live-news
https://www.reddit.com/r/unitedkingdom/comments/b6aa2d/no_majority_for_any_of_brexit_options/,https://www.bbc.co.uk/news/uk-politics-47728333
https://www.reddit.com/r/unitedkingdom/comments/a78kz0/its_crazy_that_parliament_are_about_to_have_3/,NA
https://www.reddit.com/r/unitedkingdom/comments/4pmxjq/royal_mint_has_unveiled_a_new_1_coin_design_to/,https://c2.staticflickr.com/8/7005/6781676849_ac91b8f0c3_z.jpg
https://www.reddit.com/r/unitedkingdom/comments/ihodrn/germany_scraps_brexit_talks_due_to_lack_of/,https://www.independent.co.uk/news/uk/politics/brexit-trade-deal-uk-talks-latest-germany-cancels-eu-summit-a9690911.html
https://www.reddit.com/r/unitedkingdom/comments/a93fdx/corbyn_warned_he_risks_betraying_millions_of/,https://www.heraldscotland.com/news/17317118.corbyn-warned-he-risks-betraying-millions-of-young-people-by-backing-brexit/
https://www.reddit.com/r/unitedkingdom/comments/8aw8t0/watch_deleted_video_of_nigel_farage_thanking/,NA
https://www.reddit.com/r/unitedkingdom/comments/cy05jv/imagine_placing_a_300m_bet_on_the_economy_tanking/,NA
https://www.reddit.com/r/unitedkingdom/comments/77s6yn/threequarters_of_the_uk_public_say_brexit_is/,NA
https://www.reddit.com/r/unitedkingdom/comments/i3dbc8/number_of_uk_citizens_emigrating_to_eu_has_risen/,https://www.theguardian.com/politics/2020/aug/04/number-of-uk-citizens-emigrating-to-eu-has-risen-by-30-since-brexit-vote
https://www.reddit.com/r/unitedkingdom/comments/9elqab/campaign_to_prosecute_boris_johnson_over_350m/,https://www.independent.co.uk/news/uk/politics/brexit-boris-johnson-nhs-bus-claim-350-million-fundraiser-campaign-prosecute-a8528886.html
https://www.reddit.com/r/unitedkingdom/comments/68khxv/forbes_the_uk_government_is_completely_deluded/,https://www.forbes.com/sites/francescoppola/2017/04/30/the-uk-government-is-completely-deluded-about-brexit/
https://www.reddit.com/r/unitedkingdom/comments/axihje/may_did_not_understand_eu_when_she_triggered/,https://www.theguardian.com/politics/2019/mar/04/theresa-may-did-not-understand-eu-when-she-triggered-brexit
https://www.reddit.com/r/unitedkingdom/comments/a2e1cl/brexit_advent_calendar_goes_on_sale_with_fuck_all/,https://uokhun.uk/2018/12/02/brexit-advent-calendar-goes-on-sale-with-fuck-all-behind-each-door/
https://www.reddit.com/r/unitedkingdom/comments/92d1om/brexit_has_already_cost_the_uk_more_than_its_eu/,https://www.bloomberg.com/news/articles/2018-06-22/u-k-brexit-hit-already-exceeds-eu-budget-payments-study-shows
https://www.reddit.com/r/unitedkingdom/comments/9pwf2m/protesters_flood_streets_of_london_as_over_500000/,https://www.joe.co.uk/news/peoples-vote-brexit-protest-eu-204947
https://www.reddit.com/r/unitedkingdom/comments/4vxh3d/people_who_blamed_everything_on_eu_before/,NA
https://www.reddit.com/r/unitedkingdom/comments/9xd07a/majority_of_brits_now_against_brexit_and_back/,https://news.sky.com/story/majority-of-brits-now-against-brexit-and-back-second-eu-referendum-sky-data-poll-11555078
https://www.reddit.com/r/unitedkingdom/comments/qb7gm0/daily_mail_buries_poll_showing_voters_have_turned/,https://www.thelondoneconomic.com/news/daily-mail-buries-poll-showing-voters-have-turned-against-brexit-295935/
https://www.reddit.com/r/unitedkingdom/comments/9g49n8/give_britain_a_new_referendum_on_brexit_says/,https://www.theguardian.com/politics/2018/sep/15/sadiq-khan-new-referendum-peoples-vote-labour-corbyn
https://www.reddit.com/r/unitedkingdom/comments/6sk6oi/former_aide_to_brexit_minister_david_davis_calls/,NA
https://www.reddit.com/r/unitedkingdom/comments/7j10m1/exclusive_two_thirds_of_young_people_want_to_stop/,https://leftfootforward.org/2017/12/exclusive-two-thirds-of-young-people-want-to-stop-brexit/
https://www.reddit.com/r/unitedkingdom/comments/etp0kk/tories_since_2010/,NA
https://www.reddit.com/r/unitedkingdom/comments/ancr2p/brexiters_excitedly_repeating_we_survived_the/,https://newsthump.com/2019/02/04/brexiters-excitedly-repeating-we-survived-the-blitz-reminded-that-many-people-didnt/
https://www.reddit.com/r/unitedkingdom/comments/hke2sk/cars_produced_in_japan_to_be_stamped_made_in/,https://www.independent.co.uk/news/uk/politics/car-industry-boris-johnson-made-in-britain-japan-south-korea-brexit-a9598466.html
https://www.reddit.com/r/unitedkingdom/comments/cw3ao0/jeremy_corbyn_and_other_opposition_leaders_agree/,https://www.independent.co.uk/news/uk/politics/brexit-plan-stop-no-deal-corbyn-opposition-legislation-caretaker-pm-a9080296.html
https://www.reddit.com/r/unitedkingdom/comments/ertrg1/brexit_party_mep_complains_about_not_having_say/,https://www.independent.co.uk/news/uk/politics/brexit-party-mep-june-mummery-european-parliament-trade-deal-commission-a9294051.html
https://www.reddit.com/r/unitedkingdom/comments/d6chrs/uk_cannot_meet_eu_deadline_for_brexit_plan_and/,https://www.independent.co.uk/news/uk/politics/brexit-deadline-irish-backstop-no-deal-stephen-barclay-october-a9111756.html
https://www.reddit.com/r/unitedkingdom/comments/dw53qo/general_election_2019_dont_give_up_on_stopping/,https://www.bbc.co.uk/news/election-2019-50413638
https://www.reddit.com/r/unitedkingdom/comments/d4gkiy/thousands_of_european_flags_waved_at_last_night/,https://www.theneweuropean.co.uk/top-stories/last-night-of-the-proms-eu-flags-1-6270280
https://www.reddit.com/r/unitedkingdom/comments/l49kpt/after_all_the_years_of_the_media_and_brexiteers/,NA
https://www.reddit.com/r/unitedkingdom/comments/be5pj7/uk_slammed_for_going_on_holiday_after_brexit/,https://www.thenational.scot/news/17578265.brexit-guy-verhofstadt-hits-out-at-uk-for-going-on-holiday/
https://www.reddit.com/r/unitedkingdom/comments/ctc67r/nodeal_brexit_minister_james_cleverly_refuses_to/,https://inews.co.uk/news/politics/no-deal-brexit-operation-yellowhammer-government-refuse-full-publication/
https://www.reddit.com/r/unitedkingdom/comments/qtl3k9/the_tories_lied_their_way_to_brexit_what_is_this/,https://www.theguardian.com/business/2021/nov/14/the-tories-lied-their-way-to-brexit-what-is-this-but-sleaze
https://www.reddit.com/r/unitedkingdom/comments/c8t5y3/brexit_party_meps_accidentally_turn_to_face_mecca/,https://rochdaleherald.co.uk/2019/07/03/brexit-party-meps-accidentally-turn-face-mecca-during-national-anthem/
https://www.reddit.com/r/unitedkingdom/comments/a7vsvo/watchdog_reveals_435k_brexit_donation_to_dup/,https://www.belfasttelegraph.co.uk/news/northern-ireland/watchdog-reveals-435k-brexit-donation-to-dup-wasnt-reported-37643110.html
https://www.reddit.com/r/unitedkingdom/comments/ctuhkm/opinion_i_work_at_a_wetherspoons_in_grim/,https://www.independent.co.uk/voices/wetherspoons-brexit-tim-martin-dyson-leave-eu-profit-warning-a8742056.html?amp
https://www.reddit.com/r/unitedkingdom/comments/bw9jbq/so_let_me_get_this_straight_us_wants_to_negotiate/,NA
https://www.reddit.com/r/unitedkingdom/comments/6klmr8/why_a_second_referendum_on_brexit_isnt_against/,NA
https://www.reddit.com/r/unitedkingdom/comments/e1vokg/michael_gove_just_told_bbc_r4_that_uk_access_to/,NA
https://www.reddit.com/r/unitedkingdom/comments/ak9xj5/17bn_already_ripped_out_of_uk_public_purse_due_to/,https://www.independent.co.uk/news/uk/politics/brexit-cost-uk-17-billion-gdp-hit-public-finances-a8746846.html
https://www.reddit.com/r/unitedkingdom/comments/fkyrb5/i_never_would_have_seen_this_crazy_twist_coming/,NA
https://www.reddit.com/r/unitedkingdom/comments/m6ws6c/is_anyone_else_really_concerned_about_the_future/,NA
https://www.reddit.com/r/unitedkingdom/comments/l399gl/sorry_uk_businesses_im_done/,NA
https://www.reddit.com/r/unitedkingdom/comments/10t7id6/brexit_has_made_britain_a_more_expensive_and/,https://www.bylinesupplement.com/p/brexit-has-made-britain-a-more-expensive
https://www.reddit.com/r/unitedkingdom/comments/1082zez/britains_finally_figuring_out_brexit_really_was/,https://eand.co/britains-finally-figuring-out-brexit-really-was-the-biggest-mistake-in-modern-history-8419a8b940c6
https://www.reddit.com/r/unitedkingdom/comments/ovv7wb/my_local_asda_showing_the_effects_of_the_driver/,https://i.imgur.com/ijqbxFW.jpg
https://www.reddit.com/r/unitedkingdom/comments/khfxls/brexiters_left_stunned_after_several_eu_countries/,https://newsthump.com/2020/12/21/brexiters-left-stunned-after-several-eu-countries-demonstrate-easy-control-of-their-own-borders/
https://www.reddit.com/r/unitedkingdom/comments/xznqaw/britain_is_slowly_waking_up_to_the_truth_brexit/,https://www.theguardian.com/commentisfree/2022/oct/09/britain-brexit-poorer-boris-johnson
https://www.reddit.com/r/unitedkingdom/comments/vsixou/what_have_we_done_brexit_costing_uk_100_billion_a/,https://www.thelondoneconomic.com/politics/what-have-we-done-brexit-costing-uk-100-billion-a-year-328442/
https://www.reddit.com/r/unitedkingdom/comments/kjgm4r/uk_and_eu_announce_postbrexit_trade_deal_bbc_news/,https://www.bbc.co.uk/news/live/uk-politics-55433447
https://www.reddit.com/r/unitedkingdom/comments/myuksw/sales_of_milk_and_cream_to_eu_plunge_96_because/,https://www.independent.co.uk/news/uk/politics/brexit-trade-deal-eu-exports-b1837528.html
https://www.reddit.com/r/unitedkingdom/comments/it5aqe/anyone_else_just_sort_of_dumbfounded_by_the_uk/,NA
https://www.reddit.com/r/unitedkingdom/comments/ww33mb/lets_face_it_the_uk_is_a_mess_a_massive_joke_at/,NA
https://www.reddit.com/r/unitedkingdom/comments/shay8b/our_democracy_is_on_the_brink_of_collapse_its/,NA
https://www.reddit.com/r/unitedkingdom/comments/knkr61/brexiteer_mocked_after_figuring_out_deal_gives/,https://www.theneweuropean.co.uk/brexit-news/martin-daubney-analysis-of-brexit-deal-6873128
https://www.reddit.com/r/unitedkingdom/comments/pvzp2g/brexit_going_really_well_actually_insists/,https://newsthump.com/2021/09/24/brexit-going-really-well-actually-insists-government-with-no-fuel-energy-food-workers-border-control-or-trade-deals/
https://www.reddit.com/r/unitedkingdom/comments/yag8xb/three_prime_ministers_have_failed_to_make_brexit/,https://www.theneweuropean.co.uk/paul-mason-three-prime-ministers-have-failed-to-make-brexit-work-why-keep-trying/
https://www.reddit.com/r/unitedkingdom/comments/vmhxah/brexit_more_britons_now_say_uk_was_wrong_to_quit/,https://www.standard.co.uk/news/politics/brexit-britons-uk-eu-wrong-leave-polls-analysis-b1008770.html
https://www.reddit.com/r/unitedkingdom/comments/v9rjrt/brexit_largely_to_blame_for_31bn_loss_to_uk/,https://www.msn.com/en-gb/news/uknews/brexit-e2-80-98largely-to-blame-e2-80-99-for-c2-a331bn-loss-to-uk-economy-study-finds/ar-AAYiM1u
https://www.reddit.com/r/unitedkingdom/comments/b2i9vb/frances_eu_minister_names_her_cat_brexit_because/,https://www.independent.co.uk/news/world/europe/brexit-france-theresa-may-deal-nathalie-loiseau-cat-a8828026.html
https://www.reddit.com/r/unitedkingdom/comments/yxmwcr/one_in_five_who_voted_for_brexit_now_think_it_was/,https://yougov.co.uk/topics/politics/articles-reports/2022/11/17/one-five-who-voted-brexit-now-think-it-was-wrong-d
https://www.reddit.com/r/unitedkingdom/comments/97i2ub/i_am_making_a_mess_of_a_major_negotiation_and_im/,NA
https://www.reddit.com/r/unitedkingdom/comments/ui07mm/embarrassed_to_be_british_brexit_study_reveals/,https://www.theguardian.com/politics/2022/may/04/brexit-study-reveals-impact-britons-in-eu
https://www.reddit.com/r/unitedkingdom/comments/shso70/anyone_else_sick_of_the_constant_labourbashing/,NA
https://www.reddit.com/r/unitedkingdom/comments/pfqi7t/wetherspoons_suffers_beer_shortages_as_brexit/,https://www.thelondoneconomic.com/politics/wetherspoons-suffers-beer-shortages-as-brexit-batters-supply-chains-288221
https://www.reddit.com/r/unitedkingdom/comments/e9lx0r/as_we_all_go_out_and_vote_today_lets_remind/,NA
https://www.reddit.com/r/unitedkingdom/comments/kyxm8t/brexit_week_3/,NA
https://www.reddit.com/r/unitedkingdom/comments/qhhkow/brexit_worse_for_the_uk_economy_than_covid/,https://www.theguardian.com/politics/2021/oct/28/brexit-worse-for-the-uk-economy-than-covid-pandemic-obr-says
https://www.reddit.com/r/unitedkingdom/comments/zx5973/government_wont_publish_estimate_of_economic/,https://www.independent.co.uk/news/uk/politics/brexit-trade-deal-benefits-israel-b2245807.html
https://www.reddit.com/r/unitedkingdom/comments/pse2fm/brexit_impact_will_get_worse_with_supermarket/,https://inews.co.uk/news/brexit-european-union-supermarket-shelves-1209128
https://www.reddit.com/r/unitedkingdom/comments/ea2rqx/congratulations_to_the_ruling_class_the/,NA
https://www.reddit.com/r/unitedkingdom/comments/kpgps0/dutch_bike_part_dealer_shipping_to_every_country/,https://road.cc/content/news/dutch-bike-part-dealer-shipping-every-country-except-uk-279779
https://www.reddit.com/r/unitedkingdom/comments/ykcbmz/growing_majority_of_britons_think_brexit_was_a/,https://www.euronews.com/my-europe/2022/11/02/growing-majority-of-britons-think-brexit-was-a-mistake-new-poll-shows
https://www.reddit.com/r/unitedkingdom/comments/70wjvz/im_going_to_cancel_netflix_and_negotiate_with/,NA
https://www.reddit.com/r/unitedkingdom/comments/l7qgan/poverty_in_the_worlds_6th_richest_country/,NA
https://www.reddit.com/r/unitedkingdom/comments/yauka4/thousands_of_london_protesters_call_for_uk_to/,https://www.theguardian.com/politics/2022/oct/22/thousands-of-london-protesters-call-for-uk-to-rejoin-eu
https://www.reddit.com/r/unitedkingdom/comments/wunpkg/brexit_to_blame_for_uks_sewage_problems_you_have/,https://www.thelondoneconomic.com/news/brexit-to-blame-for-uks-sewage-problems-332728/
https://www.reddit.com/r/unitedkingdom/comments/bxdqld/we_went_from_promising_the_nhs_350_million_to_the/,NA
https://www.reddit.com/r/unitedkingdom/comments/10905fk/i_shouldnt_have_voted_for_brexit_i_was_lied_to/,https://www.birminghammail.co.uk/black-country/we-were-lied-shouldnt-voted-25931723.amp
https://www.reddit.com/r/unitedkingdom/comments/eoky52/brexit_will_soon_have_cost_the_uk_more_than_all/,https://www.businessinsider.com/brexit-will-cost-uk-more-than-total-payments-to-eu-2020-1?utm_source=reddit.com&r=US&IR=T
https://www.reddit.com/r/unitedkingdom/comments/e6wwpo/jeremy_corbyn_releases_leaked_government/,https://www.independent.co.uk/news/uk/politics/corbyn-boris-johnson-brexit-deal-leaked-government-documents-election-a9235326.html
https://www.reddit.com/r/unitedkingdom/comments/100gwt0/brexit_poll_twothirds_of_britons_now_support/,https://www.independent.co.uk/news/uk/politics/brexit-poll-referendum-rejoin-eu-b2250813.html
https://www.reddit.com/r/unitedkingdom/comments/rzo5pd/farmers_to_have_18_billion_prebrexit_cash_removed/,https://www.thelondoneconomic.com/news/uk-farmers-brexit-eu-cash-307548/
https://www.reddit.com/r/unitedkingdom/comments/apgqak/if_you_still_support_brexit_then_you_are_voting/,NA
https://www.reddit.com/r/unitedkingdom/comments/vnzxqx/almost_half_of_brits_say_brexit_has_made_their/,https://www.walesonline.co.uk/news/politics/brexit-news-latest-updates-wales-24357601
https://www.reddit.com/r/unitedkingdom/comments/e5g7mz/tory_minister_admits_us_will_be_able_to_increase/,https://www.independent.co.uk/news/uk/politics/dominic-raab-brexit-nhs-privatisation-trump-us-drugs-price-increase-a9230661.html
https://www.reddit.com/r/unitedkingdom/comments/aljb2f/britain_to_repeat_its_brexit_offer_loudly_and/,https://newsthump.com/2019/01/30/britain-to-repeat-its-brexit-offer-loudly-and-slowly-until-the-foreigners-get-it/
https://www.reddit.com/r/unitedkingdom/comments/a4lcz7/my_precious_brexit/,https://www.youtube.com/watch?v=Tjp5OmoDYQM&feature=youtu.be&fbclid=IwAR0_YtcJC1gYcUZVzp4TFirG5KBcrOQrjKNcQejLKV9DIZrwqgN1qx9pbHc
https://www.reddit.com/r/unitedkingdom/comments/zotz0t/we_didnt_vote_for_this_anger_over_brexit_failures/,https://www.theguardian.com/politics/2022/dec/18/anger-brexit-tories-red-wall-conservatives-reform-uk-party-immigration
https://www.reddit.com/r/unitedkingdom/comments/e7vqpa/please_use_your_vote_on_thursday_dont_just_sit/,NA
https://www.reddit.com/r/unitedkingdom/comments/nu8ywt/mcdonalds_forecasts_significant_labour_shortage/,NA
https://www.reddit.com/r/unitedkingdom/comments/bza5xt/the_daily_mail_and_other_british_rightwing/,NA
https://www.reddit.com/r/unitedkingdom/comments/umejl1/uk_has_given_up_on_brexit_talks_and_plans_to_kill/,https://www.cityam.com/uk-has-given-up-on-brexit-talks-and-plans-to-kill-off-northern-ireland-protocol-next-week-as-trade-war-with-eu-looms/
https://www.reddit.com/r/unitedkingdom/comments/qi5rzt/brexit_overtakes_covid_as_the_british_publics/,https://www.independent.co.uk/news/uk/politics/brexit-covid-top-concern-poll-b1947002.html
https://www.reddit.com/r/unitedkingdom/comments/6j79g0/lord_buckethead_a_pain_au_chocolat_could/,https://www.theguardian.com/music/2017/jun/24/lord-buckethead-theresa-may-glastonbury-sleaford-mods
https://www.reddit.com/r/unitedkingdom/comments/dz1q03/noel_gallagher_who_told_remainers_to_fcking_get/,NA
https://www.reddit.com/r/unitedkingdom/comments/qomibr/uks_brexit_losses_more_than_178_times_bigger_than/,https://www.independent.co.uk/news/uk/politics/brexit-trade-deals-australia-new-zealand-b1952442.html
https://www.reddit.com/r/unitedkingdom/comments/d99d2v/boris_johnson_the_best_way_to_honour_the_memory/,NA
https://www.reddit.com/r/unitedkingdom/comments/izkeps/sir_jim_ratcliffe_the_uks_richest_person_and/,https://www.theguardian.com/business/2020/sep/25/sir-jim-ratcliffe-uks-richest-person-moves-to-tax-free-monaco-brexit-ineos-domicile?CMP=Share_iOSApp_Other
https://www.reddit.com/r/unitedkingdom/comments/v0txn4/same_nightmare_week_after_week_uk_firms_fed_up/,https://www.theguardian.com/business/2022/may/30/brexit-uk-firms-eu-trade-northern-ireland
https://www.reddit.com/r/unitedkingdom/comments/anpyul/tusk_special_place_in_hell_for_those_who_promoted/,https://news.sky.com/story/pmqs-live-deputy-stands-in-for-may-as-she-bids-for-brexit-breakthrough-11629631?inApp=true
https://www.reddit.com/r/unitedkingdom/comments/b0bva4/brexit_deal_rejected/,https://www.theguardian.com/politics/live/2019/mar/12/brexit-mps-vote-theresa-may-backstop-deal-jeremy-corbyn-politics-live?page=with:block-5c88048be4b016d23425a7bc#block-5c88048be4b016d23425a7bc
https://www.reddit.com/r/unitedkingdom/comments/9xkqpy/we_are_prepared_for_britain_to_cancel_brexit_says/,https://www.independent.co.uk/news/uk/politics/brexit-latest-second-referendum-cancel-eu-president-donald-tusk-theresa-may-a8635676.html
https://www.reddit.com/r/unitedkingdom/comments/d04sej/is_anyone_else_absolutely_loving_the_downfall_of/,NA
https://www.reddit.com/r/unitedkingdom/comments/yfopiq/brexit_rejoining_eu_takes_record_14point_lead_in/,https://www.independent.co.uk/news/uk/politics/brexit-eu-rejoin-poll-b2212730.html
https://www.reddit.com/r/unitedkingdom/comments/b99cag/brexit_the_revoke_article_50_petition_debate_was/,NA
https://www.reddit.com/r/unitedkingdom/comments/b61ptd/uk_meps_voted_for_article_13_not_against_it_so/,https://docs.google.com/spreadsheets/d/1k0qLyfcc6CEu0uDsFQfQXNHnh0p1a__qUoUPqDUIoYU/edit#gid=0
https://www.reddit.com/r/unitedkingdom/comments/cylsr8/dozens_of_conservative_mps_many_of_them/,NA
https://www.reddit.com/r/unitedkingdom/comments/tj80tm/only_in_brexit_la_la_land_is_johnson_leading/,https://www.independent.co.uk/news/uk/politics/boris-johnson-russia-ukraine-putin-brexit-alexander-stubb-b2040273.html
https://www.reddit.com/r/unitedkingdom/comments/rv3xnw/brexiteer_edwina_currie_roasted_for_failing_to/,https://www.indy100.com/politics/edwina-currie-brexit-benefit-lbc-b1985889
https://www.reddit.com/r/unitedkingdom/comments/kx6bao/boris_johnson_has_not_read_text_of_brexit_trade/,https://www.independent.co.uk/news/uk/politics/brexit-trade-deal-text-boris-johnson-b1787270.html
https://www.reddit.com/r/unitedkingdom/comments/a8jpuj/frankie_boyles_review_of_2018_lets_forget_brexit/,https://www.theguardian.com/politics/2018/dec/22/frankie-boyle-review-2018-forget-brexit
https://www.reddit.com/r/unitedkingdom/comments/ewqd1t/brexit_eus_official_anthem_ode_to_joy_hits_no1_on/,https://www.euronews.com/2020/01/30/brexit-remainers-hoping-ode-to-joy-will-smash-uk-top-40-on-exit-day
https://www.reddit.com/r/unitedkingdom/comments/ary0z3/support_and_spread_this_petition_far_and/,https://petition.parliament.uk/petitions/239406
https://www.reddit.com/r/unitedkingdom/comments/dsfe0j/john_bercow_brands_brexit_biggest_mistake_since/,https://www.mirror.co.uk/news/politics/john-bercow-brands-brexit-biggest-20823373
https://www.reddit.com/r/unitedkingdom/comments/a5rqpa/63_of_the_vote_is_not_a_big_enough_majority/,https://newsthump.com/2018/12/12/63-of-the-vote-is-not-a-big-enough-majority-insist-irony-free-brexiters/?utm_campaign=shareaholic&utm_medium=reddit&utm_source=news
https://www.reddit.com/r/unitedkingdom/comments/af6ub5/david_lammy_brexit_speech_10th_january_2019/,https://www.youtube.com/watch?v=1XEj64IFzQ8
https://www.reddit.com/r/unitedkingdom/comments/dlupas/one_million_protesters_demand_second_brexit/,https://www.independent.co.uk/news/uk/politics/brexit-march-london-million-protesters-peoples-vote-boris-johnson-extension-a9162936.html?utm_medium=Social&utm_source=Facebook&fbclid=IwAR1sxgmDW0vDFopP8l9AiqAiU2IJdqh2o6nKC-DZugTZBzbogM5EM4M6cyQ#Echobox=1571495291
https://www.reddit.com/r/unitedkingdom/comments/d265bn/brexit_just_shot_the_legs_out_from_under_my/,NA
https://www.reddit.com/r/unitedkingdom/comments/bbni8s/scientists_release_first_ever_image_of_brexit/,https://newsthump.com/2019/04/10/scientists-release-first-ever-image-of-brexit/
https://www.reddit.com/r/unitedkingdom/comments/hjdh6r/astonishing_how_some_of_the_biggest_political/,NA
https://www.reddit.com/r/unitedkingdom/comments/7ze2u9/labour_mp_been_in_parliament_almost_two_decades/,NA
https://www.reddit.com/r/unitedkingdom/comments/tygcnu/can_we_talk_about_how_brexit_was_a_russian_plot/,NA
https://www.reddit.com/r/unitedkingdom/comments/bcktnf/tv_fans_delighted_as_brexit_renewed_for_another/,https://newsthump.com/2019/04/11/tv-fans-delighted-as-brexit-renewed-for-another-season/
https://www.reddit.com/r/unitedkingdom/comments/90wvhi/second_brexit_vote_morally_justified_as_poll/,https://www.standard.co.uk/news/politics/brexit-latest-second-referendum-morally-justified-as-poll-shows-support-for-staying-in-the-eu-a3893256.html
https://www.reddit.com/r/unitedkingdom/comments/4qqzyb/its_not_undemocratic_to_resist_the_brexit_result/,NA
https://www.reddit.com/r/unitedkingdom/comments/5cv4f4/daily_mail_hatchet_job_on_sir_david_attenborough/,NA
https://www.reddit.com/r/unitedkingdom/comments/t8iaf5/uk_considers_using_brexit_freedom_to_allow/,https://www.independent.co.uk/news/uk/politics/brexit-pesticides-eu-uk-chemicals-b2025950.html
https://www.reddit.com/r/unitedkingdom/comments/vkhdxn/what_have_we_done_six_years_on_uk_counts_the_cost/,https://www.theguardian.com/politics/2022/jun/25/what-have-we-done-six-years-on-uk-counts-the-cost-of-brexit
https://www.reddit.com/r/unitedkingdom/comments/qjksia/brexit_is_harming_the_uk_economy_say_44_of_voters/,https://www.theguardian.com/politics/2021/oct/30/brexit-is-harming-the-uk-economy-say-44-of-voters
https://www.reddit.com/r/unitedkingdom/comments/a4tsck/uk_can_cancel_brexit_by_unilaterally_revoking/,https://www.independent.co.uk/news/uk/politics/brexit-court-case-ecj-ruling-article-50-theresa-may-deal-uk-european-court-justice-latest-a8675541.html
https://www.reddit.com/r/unitedkingdom/comments/7tqw5z/here_are_all_the_laws_mps_are_voting_on_this_week/,NA
https://www.reddit.com/r/unitedkingdom/comments/6in8b1/we_now_have_a_climate_change_sceptic_in_charge_of/,NA
https://www.reddit.com/r/unitedkingdom/comments/f3qfsq/brexiteer_complains_he_has_to_wait_in_queue_at_eu/,https://www.independent.co.uk/news/uk/home-news/brexit-eu-airport-queue-immigration-brexiteer-amsterdam-airport-schiphol-a9335281.html?utm_medium=Social&utm_source=Facebook#Echobox=1581675654
https://www.reddit.com/r/unitedkingdom/comments/daer5r/philip_hammond_on_boris_johnson_he_is_backed_by/,NA
https://www.reddit.com/r/unitedkingdom/comments/920kcz/brexit_not_too_late_for_uk_to_change_its_mind_and/,https://www.theguardian.com/politics/blog/live/2018/jul/26/brexit-not-too-late-for-uk-to-change-its-mind-and-stay-in-eu-on-same-terms-says-french-minister-politics-live
https://www.reddit.com/r/unitedkingdom/comments/dwo93f/uk_prime_minister_withholding_report_on_russias/,https://www.msnbc.com/rachel-maddow/watch/uk-prime-minister-withholding-report-on-russia-s-role-in-brexit-72912453798
https://www.reddit.com/r/unitedkingdom/comments/9hfual/emmanuel_macron_calls_brexit_campaign_leaders/,https://www.independent.co.uk/news/uk/politics/brexit-talks-latest-eu-emmanuel-macron-brexiteer-liars-no-deal-a8547146.html?
https://www.reddit.com/r/unitedkingdom/comments/j909bj/brexit_anger_as_ministers_use_obscure_rule_to/,https://www.independent.co.uk/news/uk/politics/brexit-chlorinated-chicken-eu-mps-boris-johnson-b914047.html
https://www.reddit.com/r/unitedkingdom/comments/8nh8vk/anger_among_brits_in_france_after_brexit_champion/,https://www.thelocal.fr/20180531/anger-among-brits-in-france-after-brexit-campaigner-applies-for-residency
https://www.reddit.com/r/unitedkingdom/comments/9047rq/why_is_britain_turning_blind_eye_to_leave_sides/,https://www.irishtimes.com/opinion/why-is-britain-turning-blind-eye-to-leave-side-s-lawbreaking-1.3568256
