"Reddit Link";"News Link";"date_utc";"timestamp";"title";"text";"subreddit";"comments"
"https://www.reddit.com/r/unitedkingdom/comments/kkq7a4/its_time_to_leave_the_word_brexit_behind_and_hold/";"https://www.independent.co.uk/voices/letters/brexit-deal-eu-boris-johnson-trade-b1779091.html";2020-12-26;1609017659;"Its time to leave the word Brexit behind and hold the government accountable for what it delivers now";"";"unitedkingdom";316
"https://www.reddit.com/r/unitedkingdom/comments/8q7jae/70_of_young_scots_believe_brexit_vote_was_a_bad/";"https://www.glasgowlive.co.uk/news/glasgow-news/70-young-scots-believe-brexit-14767630";2018-06-11;1528700717;"70% of young Scots believe Brexit vote was a 'bad result'";"";"unitedkingdom";448
"https://www.reddit.com/r/unitedkingdom/comments/bd0nhg/judge_orders_ukip_to_reveal_brexit_referendum/";"https://www.theguardian.com/politics/2019/apr/14/judge-orders-ukip-reveal-brexit-referendum-data-use";2019-04-14;1555229316;"Judge orders Ukip to reveal Brexit referendum data use";"";"unitedkingdom";83
"https://www.reddit.com/r/unitedkingdom/comments/dkovvn/new_postbrexit_tv_show_a_place_in_the_shit_a/";"https://simpleflying.com/uk-airports-100ml-rule-removal-guide/";2019-10-20;1571601476;"New Post-Brexit TV Show - ""A Place in the Shit"" - A daytime show where sunburnt pensioners forced home from Spain look around grotty UK flats with faces like thunder.";"Got to be worth the BBC license fee on it's own surely?  

&amp;#x200B;

Dom Joly on Twitter

 https://twitter.com/domjoly/status/1185857829921533955?s=20";"unitedkingdom";238
"https://www.reddit.com/r/unitedkingdom/comments/brqxz2/nigel_farage_stuck_on_brexit_bus_due_to_people/";"https://www.mirror.co.uk/news/uk-news/breaking-nigel-farage-stuck-brexit-16185168";2019-05-22;1558542870;"Nigel Farage 'stuck on Brexit bus due to people armed with milkshakes'";"";"unitedkingdom";515
"https://www.reddit.com/r/unitedkingdom/comments/kn5nue/brexit_theresa_may_tells_mps_that_her_deal_was/";"https://www.independent.co.uk/news/uk/politics/brexit-theresa-may-boris-johnson-trade-deal-b1780329.html";2020-12-30;1609346718;"Brexit: Theresa May tells MPs that her deal was better than Boris Johnsons";"";"unitedkingdom";419
"https://www.reddit.com/r/unitedkingdom/comments/em7etu/unforgivable_uproar_after_erasmus_scheme_scrapped/";"https://scramnews.com/unforgivable-uproar-after-erasmus-scheme-scrapped-in-brexit-vote/";2020-01-09;1578562594;"""Unforgivable"": Uproar after Erasmus scheme scrapped in Brexit vote";"";"unitedkingdom";580
"https://www.reddit.com/r/unitedkingdom/comments/5yemgp/theresa_may_hailed_a_baking_company_as_proof_that/";"https://www.ft.com/content/e4b63df0-77fa-38f3-a613-4be4b86ec91f";2017-03-09;1489060256;"Theresa May hailed a baking company as proof that showed how Brexit could be a piece of cake. Its just been bought by a French rival company, MD says it was ""decimated"" due to prospect of leaving EU";"";"unitedkingdom";210
"https://www.reddit.com/r/unitedkingdom/comments/9rknpo/alan_sugar_says_boris_johnson_and_michael_gove/";"https://www.independent.co.uk/news/uk/politics/brexit-alan-sugar-boris-johnson-michael-gove-imprisoned-lies-350m-nhs-vote-leave-apprentice-a8601891.html";2018-10-26;1540559996;"Alan Sugar says Boris Johnson and Michael Gove should be imprisoned over Brexit 'lies' - The Apprentice host suggests 2016 referendum result should be declared 'void'";"";"unitedkingdom";169
"https://www.reddit.com/r/unitedkingdom/comments/blqlv0/a_world_first_boris_johnson_to_face_private/";"https://m.independent.ie/world-news/europe/britain/a-world-first-boris-johnson-to-face-private-prosecution-over-brexit-campaign-claims-38087479.html";2019-05-07;1557235120;"'A world first' - Boris Johnson to face private prosecution over Brexit campaign claims";"";"unitedkingdom";165
"https://www.reddit.com/r/unitedkingdom/comments/bcrv28/uk_parliament_very_likely_to_consider_new_brexit/";"https://www.cnbc.com/2019/04/13/uk-parliament-very-likely-to-consider-new-brexit-referendum-says-british-finance-minister.html";2019-04-13;1555170594;"UK parliament 'very likely' to consider new Brexit referendum, says British finance minister";"";"unitedkingdom";210
"https://www.reddit.com/r/unitedkingdom/comments/afd6x5/more_than_100_meps_from_every_corner_of_eu_sign/";"https://www.independent.co.uk/news/uk/politics/brexit-meps-european-parliament-final-say-peoples-vote-second-referendum-a8723066.html";2019-01-12;1547336205;"More than 100 MEPs from every corner of EU sign heartfelt letter asking British people to reconsider Brexit";"";"unitedkingdom";301
"https://www.reddit.com/r/unitedkingdom/comments/a64gwj/the_scottish_tories_are_preparing_to_back_a/";"https://www.newstatesman.com/politics/staggers/2018/12/scottish-tories-are-preparing-back-second-brexit-referendum";2018-12-14;1544791211;"The Scottish Tories are preparing to back a second Brexit referendum";"";"unitedkingdom";169
"https://www.reddit.com/r/unitedkingdom/comments/8mxbip/nick_clegg_brexiteers_are_right_to_panic_theyve/";"https://inews.co.uk/opinion/columnists/nick-clegg-the-brexiteers-are-right-to-panic/";2018-05-29;1527580193;"Nick Clegg: Brexiteers are right to panic  theyve failed to deliver utopia and are almost out of excuses";"";"unitedkingdom";533
"https://www.reddit.com/r/unitedkingdom/comments/arjeb8/brexit_billboard_crusaders_four_working_dads_are/";"https://www.euronews.com/2019/02/17/brexit-billboard-crusaders-four-working-dads-are-holding-politicians-to-account";2019-02-17;1550399147;"Brexit billboard crusaders: Four 'working dads' are holding politicians to account";"";"unitedkingdom";212
"https://www.reddit.com/r/unitedkingdom/comments/86ur39/brexit_campaign_was_totally_illegal_claims/";"https://www.channel4.com/news/brexit-campaign-was-totally-illegal-claims-whistleblower";2018-03-24;1521914600;"Brexit campaign was totally illegal, claims whistleblower - Channel 4 News";"";"unitedkingdom";317
"https://www.reddit.com/r/unitedkingdom/comments/bm595a/eu_officials_privately_branded_theresa_mays/";"https://www.independent.co.uk/news/uk/politics/brexit-theresa-may-eu-bbc-documentary-behind-closed-doors-barnier-verhofstadt-a8904156.html";2019-05-08;1557321978;"EU officials privately branded Theresa May's Brexit strategy 'insane' and 'pathetic', film reveals : 'What the f*** is wrong with her', a concerned official said on camera";"";"unitedkingdom";220
"https://www.reddit.com/r/unitedkingdom/comments/9q20et/no_significant_arrests_made_after_600000_attend/";"https://www.standard.co.uk/news/london/no-significant-arrests-made-after-thousands-attend-people-s-vote-march-a3967256.html";2018-10-21;1540110574;"No significant arrests made after 600,000 attend Peoples Vote march on second Brexit referendum";"";"unitedkingdom";296
"https://www.reddit.com/r/unitedkingdom/comments/61r06c/the_uk_was_due_to_take_over_the_eu_presidency_on/";"https://www.ft.com/content/9dfa35aa-4e5b-11e6-8172-e39ecd3b86fc";2017-03-27;1490603968;"The UK was due to take over the EU presidency on 1 July (an opportunity to lead European reform) but gave it up due to Brexit";"";"unitedkingdom";627
"https://www.reddit.com/r/unitedkingdom/comments/hiilqo/jarvis_cocker_on_brexit_being_english_feels_a_bit/";"https://www.nme.com/news/music/jarvis-cocker-on-brexit-being-english-feels-a-bit-embarrassing-at-the-moment-2697924";2020-06-30;1593502278;"Jarvis Cocker on Brexit: Being English feels a bit embarrassing at the moment";"";"unitedkingdom";597
"https://www.reddit.com/r/unitedkingdom/comments/wust27/jeremy_corbyn_warned_that_brexit_would_lead_to/";"https://www.thelondoneconomic.com/politics/jeremy-corbyn-warned-that-brexit-would-lead-to-sewage-discharge-on-british-beaches-332640/?fbclid=IwAR1pJ5Xu48FU81Tswn7jgae1ZgEENA91nQMSgIFJbyDajaFNTgXRxc8XeTI";2022-08-22;1661172656;"Jeremy Corbyn warned that Brexit would lead to sewage discharge on British beaches";"";"unitedkingdom";660
"https://www.reddit.com/r/unitedkingdom/comments/cgr4ux/eu_shoots_down_boris_johnsons_brexit_plan_within/";"https://www.independent.co.uk/news/uk/politics/brexit-boris-johnson-eu-deal-tory-leadership-result-brussels-a9016911.html";2019-07-23;1563879572;"EU shoots down Boris Johnson's Brexit plan within moments of him becoming Tory leader";"";"unitedkingdom";460
"https://www.reddit.com/r/unitedkingdom/comments/b5od0h/brexit_political_will_of_the_people_must_be_in/";"https://www.independent.co.uk/news/uk/politics/brexit-will-of-people-poll-leave-remain-eu-second-referendum-vote-centre-social-research-curtice-a8839996.html";2019-03-26;1553598595;"Brexit: Political will of the people 'must be in question' as 55 per cent now want to stay in EU, poll finds";"";"unitedkingdom";446
"https://www.reddit.com/r/unitedkingdom/comments/do09sa/clocks_going_back_means_brexit_is_delayed_by/";"https://newsthump.com/2019/10/27/clocks-going-back-means-brexit-is-delayed-by-another-full-hour-moan-angry-brexiters/";2019-10-27;1572215830;"Clocks going back means Brexit is delayed by another full hour, moan angry Brexiters";"";"unitedkingdom";104
"https://www.reddit.com/r/unitedkingdom/comments/8unlfn/danny_dyer_on_brexit/";"https://streamable.com/5csxj";2018-06-28;1530221509;"Danny Dyer on Brexit.";"";"unitedkingdom";487
"https://www.reddit.com/r/unitedkingdom/comments/kc96y9/brexit_is_the_worst_decision_of_modern_times_why/";"https://www.theguardian.com/commentisfree/2020/dec/13/brexit-is-the-worst-decision-of-modern-times-why-are-its-critics-in-cabinet-so-silent?CMP=Share_AndroidApp_Other";2020-12-13;1607859452;"Brexit is the worst decision of modern times. Why are its critics in cabinet so silent? Michael Heseltine";"";"unitedkingdom";374
"https://www.reddit.com/r/unitedkingdom/comments/dj4i9y/the_new_brexitdeal_is_economically_worse_for/";"https://www.economist.com/leaders/2019/10/17/voters-should-get-a-say-on-any-deal-between-britain-and-the-eu";2019-10-17;1571308486;"The new BrexitDeal is economically worse for Britain than the one negotiated by Theresa May last year";"";"unitedkingdom";328
"https://www.reddit.com/r/unitedkingdom/comments/kwtvuf/fisheries_minister_did_not_read_brexit_bill_as/";"https://www.theguardian.com/politics/2021/jan/13/fisheries-minister-admits-not-reading-brexit-bill-as-she-was-at-nativity";2021-01-14;1610583494;"Fisheries minister did not read Brexit bill as she was busy at nativity";"";"unitedkingdom";220
"https://www.reddit.com/r/unitedkingdom/comments/a4juro/britains_youth_will_never_forgive_us_for_brexit/";"https://www.theguardian.com/politics/2018/dec/08/britains-youth-will-never-forgive-us-for-brexit-says-lord-heseltine";2018-12-09;1544349119;"Britain's youth will never forgive us for Brexit, says Lord Heseltine";"";"unitedkingdom";442
"https://www.reddit.com/r/unitedkingdom/comments/8ybrua/theresa_may_bows_to_eu_pressure_to_keep_uk_in/";"https://www.independent.co.uk/news/uk/politics/theresa-may-brexit-white-paper-eu-european-convention-on-human-rights-tory-mps-a8444386.html";2018-07-12;1531416206;"Theresa May bows to EU pressure to keep UK in human rights convention after Brexit, enraging Tory right";"";"unitedkingdom";323
"https://www.reddit.com/r/unitedkingdom/comments/m3dcxd/exports_to_eu_plunge_by_56bn_in_first_month_since/";"https://www.theguardian.com/business/2021/mar/12/exports-to-eu-plunge-in-first-month-since-brexit-uk-economy?CMP=Share_AndroidApp_Other";2021-03-12;1615537841;"Exports to EU plunge by £5.6bn in first month since Brexit";"";"unitedkingdom";454
"https://www.reddit.com/r/unitedkingdom/comments/do6hl8/bbc_news_eu_agrees_to_brexit_extension_to_31/";"https://www.bbc.co.uk/news/uk-politics-50205603";2019-10-28;1572255053;"BBC News: EU agrees to Brexit extension to 31 January";"";"unitedkingdom";1090
"https://www.reddit.com/r/unitedkingdom/comments/ucxue0/brexit_has_caused_uk_food_prices_to_rise_6_as/";"https://www.independent.co.uk/news/uk/politics/brexit-food-prices-living-costs-b2065985.html#l2h8xp1ey7sxaqynx8";2022-04-27;1651044005;"Brexit has caused UK food prices to rise 6% as cost of living crisis deepens, study says";"";"unitedkingdom";511
"https://www.reddit.com/r/unitedkingdom/comments/ij8bjq/47_of_brits_think_brexit_was_a_bad_idea_new_poll/";"https://www.thelondoneconomic.com/politics/47-of-brits-think-brexit-was-a-bad-idea-new-poll/26/08/";2020-08-30;1598769479;"47% of Brits think Brexit was a bad idea  new poll";"";"unitedkingdom";886
"https://www.reddit.com/r/unitedkingdom/comments/eoya2x/eu_confirms_there_will_be_border_checks_inside_uk/";"https://www.independent.co.uk/news/uk/politics/brexit-deal-border-check-boris-johnson-uk-eu-barnier-northern-ireland-goods-a9283686.html";2020-01-15;1579067435;"EU confirms there will be border checks inside UK under Brexit deal, contradicting Boris Johnsons false claim";"";"unitedkingdom";334
"https://www.reddit.com/r/unitedkingdom/comments/d197us/france_will_veto_another_brexit_delay_unless_uk/";"https://www.independent.co.uk/news/uk/politics/brexit-news-latest-article-50-delay-france-boris-johnson-extension-a9096361.html";2019-09-08;1567937930;"France will veto another Brexit delay unless UK ends political chaos";"";"unitedkingdom";735
"https://www.reddit.com/r/unitedkingdom/comments/ex21jt/brexit_the_most_pointless_masochistic_ambition_in/";"https://www.theguardian.com/politics/2020/feb/01/brexit-pointless-masochistic-ambition-history-done";2020-02-01;1580538431;"Brexit, the most pointless, masochistic ambition in our country's history, is done";"";"unitedkingdom";511
"https://www.reddit.com/r/unitedkingdom/comments/an178a/nicola_sturgeon_uk_is_not_remotely_prepared_to/";"https://www.thenational.scot/news/17406647.nicola-sturgeon-uk-is-not-remotely-prepared-to-leave-eu/";2019-02-04;1549283233;"Nicola Sturgeon: UK is 'not remotely prepared' to leave EU. With 53 days left until the UK is due to formally leave the EU, the Scottish First Minister will use a speech in the US to call again for a second Brexit referendum.";"";"unitedkingdom";440
"https://www.reddit.com/r/unitedkingdom/comments/prw2oo/poll_53_per_cent_of_uk_thinks_brexit_created_more/";"https://www.cityam.com/new-poll-53-per-cent-of-uk-thinks-brexit-deal-has-created-more-problems-than-it-solved/";2021-09-20;1632148295;"Poll: 53 per cent of UK thinks Brexit 'created more problems than it solved";"";"unitedkingdom";412
"https://www.reddit.com/r/unitedkingdom/comments/bmhn05/liberal_democrat_stop_brexit_manifesto_for_eu/";"https://www.libdems.org.uk/manifesto";2019-05-09;1557394556;"Liberal Democrat 'Stop Brexit' Manifesto for EU Elections";"";"unitedkingdom";595
"https://www.reddit.com/r/unitedkingdom/comments/czayc0/bbc_news_pm_loses_key_vote_on_brexit/";"https://www.bbc.co.uk/news/uk-politics-49573555";2019-09-03;1567545140;"BBC News: PM loses key vote on Brexit";"";"unitedkingdom";853
"https://www.reddit.com/r/unitedkingdom/comments/d1p6wm/boris_johnson_to_suspend_parliament_today_for/";"https://www.independent.co.uk/news/uk/politics/boris-johnson-news-parliament-prorogue-suspend-brexit-commons-latest-a9097401.html";2019-09-09;1568025827;"Boris Johnson to suspend Parliament today for more than a month despite Brexit crisis, Number 10 announces";"";"unitedkingdom";649
"https://www.reddit.com/r/unitedkingdom/comments/pmnn0f/just_3m_for_cornwall_rather_than_100m_before/";"https://www.falmouthpacket.co.uk/news/19571108.cornwall-get-just-3m-replacement-funding-leaving-eu/";2021-09-12;1631428531;"Just £3m for Cornwall rather than £100m before Brexit, despite Tory promises";"";"unitedkingdom";501
"https://www.reddit.com/r/unitedkingdom/comments/p3s2ht/brexit_has_brought_no_benefits_uk_manufacturers/";"https://www.thelondoneconomic.com/news/brexit-benefits-uk-manufacturers-285873/";2021-08-13;1628882356;"Brexit has brought no benefits, UK manufacturers say";"";"unitedkingdom";535
"https://www.reddit.com/r/unitedkingdom/comments/egahvv/nearly_1m_irish_passports_issued_in/";"https://www.independent.co.uk/news/uk/home-news/irish-passports-surge-in-applicants-after-brexit-simon-coveney-a9261031.html";2019-12-27;1577448922;"Nearly 1m Irish passports issued in record-breaking year, as Brits seek to keep EU citizenship after Brexit";"";"unitedkingdom";547
"https://www.reddit.com/r/unitedkingdom/comments/l00zcf/boris_johnson_blames_seafood_exporters_not/";"https://www.independent.co.uk/news/uk/politics/brexit-seafood-sales-boris-johnson-b1788936.html";2021-01-18;1610995953;"Boris Johnson blames seafood exporters not filling in the right forms for post-Brexit sales crash";"";"unitedkingdom";402
"https://www.reddit.com/r/unitedkingdom/comments/cqs8nz/tory_mp_breaks_rank_to_back_corbyn_as_caretaker/";"https://www.independent.co.uk/news/uk/politics/guto-bebb-corbyn-pm-government-block-no-deal-brexit-boris-a9061261.html";2019-08-15;1565886773;"Tory MP breaks rank to back Corbyn as caretaker PM to avoid no-deal Brexit";"";"unitedkingdom";641
"https://www.reddit.com/r/unitedkingdom/comments/dgasrh/brexit_party_meps_vote_against_plans_to_tackle/";"https://www.theguardian.com/world/2019/oct/10/brexit-party-meps-vote-against-measure-to-combat-russian-propaganda";2019-10-11;1570773402;"Brexit party MEPs vote against plans to tackle Russian propaganda";"";"unitedkingdom";159
"https://www.reddit.com/r/unitedkingdom/comments/ah7m5u/voters_want_to_remain_in_eu_by_12point_margin_as/";"https://www.independent.co.uk/news/uk/politics/brexit-poll-leave-remain-eu-vote-theresa-may-yougov-peoples-vote-referendum-a8733541.html";2019-01-18;1547792566;"Voters want to remain in EU by 12-point margin as Brexit opposition reaches new high, poll finds";"";"unitedkingdom";378
"https://www.reddit.com/r/unitedkingdom/comments/9phi9p/if_you_think_brexit_will_leave_us_weaker_and/";"https://www.theguardian.com/commentisfree/2018/oct/19/brexit-britain-weaker-poorer-peoples-vote?CMP=Share_iOSApp_Other";2018-10-19;1539933479;"If you think Brexit will leave us weaker and poorer, march for a peoples vote tomorrow";"";"unitedkingdom";580
"https://www.reddit.com/r/unitedkingdom/comments/dlzzw3/boris_johnson_cant_explain_why_workers_rights/";"https://www.mirror.co.uk/news/politics/boris-johnson-cant-explain-workers-20705784";2019-10-23;1571840451;"Boris Johnson can't explain why workers' rights have vanished from Brexit deal";"";"unitedkingdom";352
"https://www.reddit.com/r/unitedkingdom/comments/87zywp/hard_brexit_poll_suggests_northern_ireland_would/";"https://www.independent.co.uk/news/uk/home-news/northern-ireland-support-join-irish-republic-eu-hard-brexit-poll-lucidtalk-a8098531.html";2018-03-29;1522316560;"Hard Brexit poll suggests Northern Ireland would rather join Republic and stay in EU than remain in UK and leave";"";"unitedkingdom";552
"https://www.reddit.com/r/unitedkingdom/comments/z14jng/labour_must_make_sure_no_one_forgets_the_tories/";"https://www.newstatesman.com/comment/2022/11/tories-brexit-disaster-britain-labour";2022-11-21;1669051449;"Labour must make sure no one forgets the Tories Brexit disaster. More and more people are realising that Brexit is the greatest act of economic self-harm in living memory.";"";"unitedkingdom";434
"https://www.reddit.com/r/unitedkingdom/comments/awfj2v/giant_poster_goes_up_in_city_centre_mocking/";"https://www.walesonline.co.uk/news/uk-news/giant-poster-goes-up-city-15901255";2019-03-02;1551513919;"Giant poster goes up in city centre mocking Dyson's decision to move out of Britain after Brexit";"";"unitedkingdom";199
"https://www.reddit.com/r/unitedkingdom/comments/d3jw9e/boycott_of_probrexit_sun_newspaper_helped_cut/";"https://pressgazette.co.uk/sun-boycott-liverpool-cut-euroscepticism-brexit-in-merseyside-study-claims/";2019-09-13;1568348207;"Boycott of pro-Brexit Sun newspaper helped cut Euroscepticism in Merseyside, study claims";"";"unitedkingdom";179
"https://www.reddit.com/r/unitedkingdom/comments/66jagl/eu_would_welcome_uk_back_if_election_voters_veto/";"https://www.theguardian.com/politics/2017/apr/20/european-parliament-will-welcome-britain-back-if-voters-veto-brexit";2017-04-20;1492709854;"EU would welcome UK back if election voters veto Brexit - Brussels chief";"";"unitedkingdom";756
"https://www.reddit.com/r/unitedkingdom/comments/dfxm0a/nigel_farage_and_the_brexit_party_have_voted/";"https://www.theguardian.com/politics/live/2019/oct/10/brexit-latest-news-boris-johnson-varadkar-corbyn-no-deal-would-put-lives-at-risk-says-former-chief-medical-officer-live-news";2019-10-10;1570712125;"Nigel Farage and the Brexit party have voted against a European parliament resolution calling for stronger EU action to counter election meddling and Russian disinformation.";"";"unitedkingdom";141
"https://www.reddit.com/r/unitedkingdom/comments/b6aa2d/no_majority_for_any_of_brexit_options/";"https://www.bbc.co.uk/news/uk-politics-47728333";2019-03-27;1553723195;"No majority for any of Brexit options";"";"unitedkingdom";884
"https://www.reddit.com/r/unitedkingdom/comments/4pmxjq/royal_mint_has_unveiled_a_new_1_coin_design_to/";"https://c2.staticflickr.com/8/7005/6781676849_ac91b8f0c3_z.jpg";2016-06-24;1466775831;"Royal Mint has unveiled a new £1 coin design to celebrate Brexit";"";"unitedkingdom";224
"https://www.reddit.com/r/unitedkingdom/comments/ihodrn/germany_scraps_brexit_talks_due_to_lack_of/";"https://www.independent.co.uk/news/uk/politics/brexit-trade-deal-uk-talks-latest-germany-cancels-eu-summit-a9690911.html";2020-08-27;1598546256;"Germany scraps Brexit talks due to lack of progress in wasted summer - Boris Johnson under wrong impression that he can pull off negotiating at the 11th hour, says EU official";"";"unitedkingdom";436
"https://www.reddit.com/r/unitedkingdom/comments/a93fdx/corbyn_warned_he_risks_betraying_millions_of/";"https://www.heraldscotland.com/news/17317118.corbyn-warned-he-risks-betraying-millions-of-young-people-by-backing-brexit/";2018-12-24;1545641802;"Corbyn warned he risks 'betraying' millions of young people by backing Brexit";"";"unitedkingdom";659
"https://www.reddit.com/r/unitedkingdom/comments/i3dbc8/number_of_uk_citizens_emigrating_to_eu_has_risen/";"https://www.theguardian.com/politics/2020/aug/04/number-of-uk-citizens-emigrating-to-eu-has-risen-by-30-since-brexit-vote";2020-08-04;1596517909;"Number of UK citizens emigrating to EU has risen by 30% since Brexit vote";"";"unitedkingdom";520
"https://www.reddit.com/r/unitedkingdom/comments/9elqab/campaign_to_prosecute_boris_johnson_over_350m/";"https://www.independent.co.uk/news/uk/politics/brexit-boris-johnson-nhs-bus-claim-350-million-fundraiser-campaign-prosecute-a8528886.html";2018-09-10;1536574211;"Campaign to prosecute Boris Johnson over £350m Brexit bus claim raises £24,000 in two days";"";"unitedkingdom";187
"https://www.reddit.com/r/unitedkingdom/comments/68khxv/forbes_the_uk_government_is_completely_deluded/";"https://www.forbes.com/sites/francescoppola/2017/04/30/the-uk-government-is-completely-deluded-about-brexit/";2017-05-01;1493621100;"Forbes - ""The UK Government Is Completely Deluded About Brexit""";"";"unitedkingdom";477
"https://www.reddit.com/r/unitedkingdom/comments/axihje/may_did_not_understand_eu_when_she_triggered/";"https://www.theguardian.com/politics/2019/mar/04/theresa-may-did-not-understand-eu-when-she-triggered-brexit";2019-03-05;1551771318;"May 'did not understand EU when she triggered Brexit'";"";"unitedkingdom";425
"https://www.reddit.com/r/unitedkingdom/comments/a2e1cl/brexit_advent_calendar_goes_on_sale_with_fuck_all/";"https://uokhun.uk/2018/12/02/brexit-advent-calendar-goes-on-sale-with-fuck-all-behind-each-door/";2018-12-02;1543764208;"Brexit advent calendar goes on sale with fuck all behind each door";"";"unitedkingdom";99
"https://www.reddit.com/r/unitedkingdom/comments/92d1om/brexit_has_already_cost_the_uk_more_than_its_eu/";"https://www.bloomberg.com/news/articles/2018-06-22/u-k-brexit-hit-already-exceeds-eu-budget-payments-study-shows";2018-07-27;1532702190;"Brexit Has Already Cost the U.K. More than Its EU Budget Payments, Study Shows";"";"unitedkingdom";350
"https://www.reddit.com/r/unitedkingdom/comments/9pwf2m/protesters_flood_streets_of_london_as_over_500000/";"https://www.joe.co.uk/news/peoples-vote-brexit-protest-eu-204947";2018-10-20;1540059683;"Protesters flood streets of London as over 500,000 call for People's Vote on Brexit";"";"unitedkingdom";709
"https://www.reddit.com/r/unitedkingdom/comments/9xd07a/majority_of_brits_now_against_brexit_and_back/";"https://news.sky.com/story/majority-of-brits-now-against-brexit-and-back-second-eu-referendum-sky-data-poll-11555078";2018-11-15;1542301408;"Majority of Brits now against Brexit and back second EU referendum - Sky Data poll";"";"unitedkingdom";374
"https://www.reddit.com/r/unitedkingdom/comments/qb7gm0/daily_mail_buries_poll_showing_voters_have_turned/";"https://www.thelondoneconomic.com/news/daily-mail-buries-poll-showing-voters-have-turned-against-brexit-295935/";2021-10-19;1634633704;"Daily Mail buries poll showing voters have turned against Brexit";"";"unitedkingdom";411
"https://www.reddit.com/r/unitedkingdom/comments/9g49n8/give_britain_a_new_referendum_on_brexit_says/";"https://www.theguardian.com/politics/2018/sep/15/sadiq-khan-new-referendum-peoples-vote-labour-corbyn";2018-09-15;1537040060;"Give Britain a new referendum on Brexit, says Sadiq Khan | Politics";"";"unitedkingdom";500
"https://www.reddit.com/r/unitedkingdom/comments/7j10m1/exclusive_two_thirds_of_young_people_want_to_stop/";"https://leftfootforward.org/2017/12/exclusive-two-thirds-of-young-people-want-to-stop-brexit/";2017-12-11;1512982089;"Exclusive: two thirds of young people want to stop Brexit";"";"unitedkingdom";583
"https://www.reddit.com/r/unitedkingdom/comments/ancr2p/brexiters_excitedly_repeating_we_survived_the/";"https://newsthump.com/2019/02/04/brexiters-excitedly-repeating-we-survived-the-blitz-reminded-that-many-people-didnt/";2019-02-05;1549361604;"Brexiters excitedly repeating we survived The Blitz reminded that many people didnt";"";"unitedkingdom";203
"https://www.reddit.com/r/unitedkingdom/comments/hke2sk/cars_produced_in_japan_to_be_stamped_made_in/";"https://www.independent.co.uk/news/uk/politics/car-industry-boris-johnson-made-in-britain-japan-south-korea-brexit-a9598466.html";2020-07-03;1593757485;"Cars produced in Japan to be stamped Made in Britain under Boris Johnson's Brexit plans";"";"unitedkingdom";322
"https://www.reddit.com/r/unitedkingdom/comments/cw3ao0/jeremy_corbyn_and_other_opposition_leaders_agree/";"https://www.independent.co.uk/news/uk/politics/brexit-plan-stop-no-deal-corbyn-opposition-legislation-caretaker-pm-a9080296.html";2019-08-27;1566906424;"Jeremy Corbyn and other opposition leaders agree plan to stop no-deal Brexit";"";"unitedkingdom";459
"https://www.reddit.com/r/unitedkingdom/comments/ertrg1/brexit_party_mep_complains_about_not_having_say/";"https://www.independent.co.uk/news/uk/politics/brexit-party-mep-june-mummery-european-parliament-trade-deal-commission-a9294051.html";2020-01-21;1579608501;"Brexit Party MEP complains about not having say on EU law after Brexit";"";"unitedkingdom";294
"https://www.reddit.com/r/unitedkingdom/comments/d6chrs/uk_cannot_meet_eu_deadline_for_brexit_plan_and/";"https://www.independent.co.uk/news/uk/politics/brexit-deadline-irish-backstop-no-deal-stephen-barclay-october-a9111756.html";2019-09-19;1568891419;"UK 'cannot meet' EU deadline for Brexit plan and needs another year, government says";"";"unitedkingdom";493
"https://www.reddit.com/r/unitedkingdom/comments/dw53qo/general_election_2019_dont_give_up_on_stopping/";"https://www.bbc.co.uk/news/election-2019-50413638";2019-11-14;1573710800;"General election 2019: Don't give up on stopping Brexit - Tusk";"";"unitedkingdom";334
"https://www.reddit.com/r/unitedkingdom/comments/d4gkiy/thousands_of_european_flags_waved_at_last_night/";"https://www.theneweuropean.co.uk/top-stories/last-night-of-the-proms-eu-flags-1-6270280";2019-09-15;1568526246;"Thousands of European flags waved at Last Night of the Proms thanks to anti-Brexit campaigners";"";"unitedkingdom";310
"https://www.reddit.com/r/unitedkingdom/comments/be5pj7/uk_slammed_for_going_on_holiday_after_brexit/";"https://www.thenational.scot/news/17578265.brexit-guy-verhofstadt-hits-out-at-uk-for-going-on-holiday/";2019-04-17;1555493003;"UK slammed for 'going on holiday' after Brexit extension was granted";"";"unitedkingdom";253
"https://www.reddit.com/r/unitedkingdom/comments/ctc67r/nodeal_brexit_minister_james_cleverly_refuses_to/";"https://inews.co.uk/news/politics/no-deal-brexit-operation-yellowhammer-government-refuse-full-publication/";2019-08-21;1566364201;"No-deal Brexit: Minister James Cleverly refuses to publish full details as public would misunderstand";"";"unitedkingdom";260
"https://www.reddit.com/r/unitedkingdom/comments/qtl3k9/the_tories_lied_their_way_to_brexit_what_is_this/";"https://www.theguardian.com/business/2021/nov/14/the-tories-lied-their-way-to-brexit-what-is-this-but-sleaze";2021-11-14;1636876805;"The Tories lied their way to Brexit. What is this but sleaze?";"";"unitedkingdom";289
"https://www.reddit.com/r/unitedkingdom/comments/c8t5y3/brexit_party_meps_accidentally_turn_to_face_mecca/";"https://rochdaleherald.co.uk/2019/07/03/brexit-party-meps-accidentally-turn-face-mecca-during-national-anthem/";2019-07-03;1562185627;"Brexit Party MEPs accidentally turn to face Mecca during national anthem";"";"unitedkingdom";107
"https://www.reddit.com/r/unitedkingdom/comments/a7vsvo/watchdog_reveals_435k_brexit_donation_to_dup/";"https://www.belfasttelegraph.co.uk/news/northern-ireland/watchdog-reveals-435k-brexit-donation-to-dup-wasnt-reported-37643110.html";2018-12-20;1545293342;"Watchdog reveals £435k Brexit donation to DUP wasn't reported";"";"unitedkingdom";182
"https://www.reddit.com/r/unitedkingdom/comments/ctuhkm/opinion_i_work_at_a_wetherspoons_in_grim/";"https://www.independent.co.uk/voices/wetherspoons-brexit-tim-martin-dyson-leave-eu-profit-warning-a8742056.html?amp";2019-08-22;1566462694;"Opinion: I work at a Wetherspoons in grim conditions while Tim Martin bleats on about Brexit - The pub chains poorly treated staff are expected to distribute a political outlook that puts our life chances at risk";"";"unitedkingdom";537
"https://www.reddit.com/r/unitedkingdom/comments/ak9xj5/17bn_already_ripped_out_of_uk_public_purse_due_to/";"https://www.independent.co.uk/news/uk/politics/brexit-cost-uk-17-billion-gdp-hit-public-finances-a8746846.html";2019-01-27;1548573018;"£17bn already ripped out of UK public purse due to Brexit, research shows";"";"unitedkingdom";372
"https://www.reddit.com/r/unitedkingdom/comments/10t7id6/brexit_has_made_britain_a_more_expensive_and/";"https://www.bylinesupplement.com/p/brexit-has-made-britain-a-more-expensive";2023-02-04;1675493813;"Brexit has Made Britain a More Expensive and Poorer Country, Say Voters";"";"unitedkingdom";1304
"https://www.reddit.com/r/unitedkingdom/comments/1082zez/britains_finally_figuring_out_brexit_really_was/";"https://eand.co/britains-finally-figuring-out-brexit-really-was-the-biggest-mistake-in-modern-history-8419a8b940c6";2023-01-10;1673333017;"Britains finally figuring out Brexit (really) was the biggest mistake in modern history.";"";"unitedkingdom";2254
"https://www.reddit.com/r/unitedkingdom/comments/ovv7wb/my_local_asda_showing_the_effects_of_the_driver/";"https://i.imgur.com/ijqbxFW.jpg";2021-08-01;1627835184;"My local Asda showing the effects of the driver shortage. Arla the UK's biggest milk supplier struggling to get hgv drivers just like the rest of the grocery sector. Thank you Brexit.";"";"unitedkingdom";1831
"https://www.reddit.com/r/unitedkingdom/comments/khfxls/brexiters_left_stunned_after_several_eu_countries/";"https://newsthump.com/2020/12/21/brexiters-left-stunned-after-several-eu-countries-demonstrate-easy-control-of-their-own-borders/";2020-12-21;1608551501;"Brexiters left stunned after several EU countries demonstrate easy control of their own borders";"";"unitedkingdom";969
"https://www.reddit.com/r/unitedkingdom/comments/xznqaw/britain_is_slowly_waking_up_to_the_truth_brexit/";"https://www.theguardian.com/commentisfree/2022/oct/09/britain-brexit-poorer-boris-johnson";2022-10-09;1665327646;"Britain is slowly waking up to the truth: Brexit has left us poorer, adrift and alone";"";"unitedkingdom";1068
"https://www.reddit.com/r/unitedkingdom/comments/vsixou/what_have_we_done_brexit_costing_uk_100_billion_a/";"https://www.thelondoneconomic.com/politics/what-have-we-done-brexit-costing-uk-100-billion-a-year-328442/";2022-07-06;1657087410;"What have we done?: Brexit costing UK £100 billion a year";"";"unitedkingdom";1878
"https://www.reddit.com/r/unitedkingdom/comments/kjgm4r/uk_and_eu_announce_postbrexit_trade_deal_bbc_news/";"https://www.bbc.co.uk/news/live/uk-politics-55433447";2020-12-24;1608821388;"UK and EU announce post-Brexit trade deal - BBC News";"";"unitedkingdom";2098
"https://www.reddit.com/r/unitedkingdom/comments/myuksw/sales_of_milk_and_cream_to_eu_plunge_96_because/";"https://www.independent.co.uk/news/uk/politics/brexit-trade-deal-eu-exports-b1837528.html";2021-04-26;1619432806;"Sales of milk and cream to EU plunge 96% because of Brexit";"";"unitedkingdom";1242
"https://www.reddit.com/r/unitedkingdom/comments/knkr61/brexiteer_mocked_after_figuring_out_deal_gives/";"https://www.theneweuropean.co.uk/brexit-news/martin-daubney-analysis-of-brexit-deal-6873128";2020-12-31;1609396373;"Brexiteer mocked after figuring out deal gives Britain just 2.32% more fish after EU departure";"";"unitedkingdom";698
"https://www.reddit.com/r/unitedkingdom/comments/pvzp2g/brexit_going_really_well_actually_insists/";"https://newsthump.com/2021/09/24/brexit-going-really-well-actually-insists-government-with-no-fuel-energy-food-workers-border-control-or-trade-deals/";2021-09-26;1632681806;"Brexit going really well actually insists government with no fuel, energy, food, workers, border control or trade deals";"";"unitedkingdom";505
"https://www.reddit.com/r/unitedkingdom/comments/yag8xb/three_prime_ministers_have_failed_to_make_brexit/";"https://www.theneweuropean.co.uk/paul-mason-three-prime-ministers-have-failed-to-make-brexit-work-why-keep-trying/";2022-10-22;1666420525;"Three prime ministers have failed to make Brexit work. Why keep trying?";"";"unitedkingdom";721
"https://www.reddit.com/r/unitedkingdom/comments/vmhxah/brexit_more_britons_now_say_uk_was_wrong_to_quit/";"https://www.standard.co.uk/news/politics/brexit-britons-uk-eu-wrong-leave-polls-analysis-b1008770.html";2022-06-28;1656403782;"Brexit: More Britons now say UK was wrong to quit the EU | Evening Standard";"";"unitedkingdom";940
"https://www.reddit.com/r/unitedkingdom/comments/v9rjrt/brexit_largely_to_blame_for_31bn_loss_to_uk/";"https://www.msn.com/en-gb/news/uknews/brexit-e2-80-98largely-to-blame-e2-80-99-for-c2-a331bn-loss-to-uk-economy-study-finds/ar-AAYiM1u";2022-06-11;1654929021;"Brexit largely to blame for £31bn loss to UK economy, study finds";"";"unitedkingdom";601
"https://www.reddit.com/r/unitedkingdom/comments/b2i9vb/frances_eu_minister_names_her_cat_brexit_because/";"https://www.independent.co.uk/news/world/europe/brexit-france-theresa-may-deal-nathalie-loiseau-cat-a8828026.html";2019-03-18;1552912996;"Frances EU minister names her cat 'Brexit' because he meows loudly to be let out but just stands there when I open the door";"";"unitedkingdom";263
"https://www.reddit.com/r/unitedkingdom/comments/yxmwcr/one_in_five_who_voted_for_brexit_now_think_it_was/";"https://yougov.co.uk/topics/politics/articles-reports/2022/11/17/one-five-who-voted-brexit-now-think-it-was-wrong-d";2022-11-17;1668681261;"One in five who voted for Brexit now think it was the wrong decision";"";"unitedkingdom";962
"https://www.reddit.com/r/unitedkingdom/comments/ui07mm/embarrassed_to_be_british_brexit_study_reveals/";"https://www.theguardian.com/politics/2022/may/04/brexit-study-reveals-impact-britons-in-eu";2022-05-04;1651645238;"'Embarrassed to be British: Brexit study reveals impact on UK citizens in EU";"";"unitedkingdom";943
"https://www.reddit.com/r/unitedkingdom/comments/pfqi7t/wetherspoons_suffers_beer_shortages_as_brexit/";"https://www.thelondoneconomic.com/politics/wetherspoons-suffers-beer-shortages-as-brexit-batters-supply-chains-288221";2021-09-01;1630489395;"Wetherspoons suffers beer shortages as Brexit batters supply chains";"";"unitedkingdom";901
"https://www.reddit.com/r/unitedkingdom/comments/qhhkow/brexit_worse_for_the_uk_economy_than_covid/";"https://www.theguardian.com/politics/2021/oct/28/brexit-worse-for-the-uk-economy-than-covid-pandemic-obr-says";2021-10-28;1635406250;"Brexit worse for the UK economy than Covid pandemic, OBR says";"";"unitedkingdom";634
"https://www.reddit.com/r/unitedkingdom/comments/zx5973/government_wont_publish_estimate_of_economic/";"https://www.independent.co.uk/news/uk/politics/brexit-trade-deal-benefits-israel-b2245807.html";2022-12-28;1672219262;"Government wont publish estimate of economic benefits of latest Brexit trade deal";"";"unitedkingdom";357
"https://www.reddit.com/r/unitedkingdom/comments/pse2fm/brexit_impact_will_get_worse_with_supermarket/";"https://inews.co.uk/news/brexit-european-union-supermarket-shelves-1209128";2021-09-21;1632210166;"Brexit impact will get worse with supermarket shop to cost more and some EU products vanishing from shelves";"";"unitedkingdom";857
"https://www.reddit.com/r/unitedkingdom/comments/kpgps0/dutch_bike_part_dealer_shipping_to_every_country/";"https://road.cc/content/news/dutch-bike-part-dealer-shipping-every-country-except-uk-279779";2021-01-03;1609661024;"""Dutch bike part dealer shipping to every country in the world except UK because of Brexit VAT change";"";"unitedkingdom";625
"https://www.reddit.com/r/unitedkingdom/comments/ykcbmz/growing_majority_of_britons_think_brexit_was_a/";"https://www.euronews.com/my-europe/2022/11/02/growing-majority-of-britons-think-brexit-was-a-mistake-new-poll-shows";2022-11-02;1667412335;"Growing majority of Britons think Brexit was a mistake, new poll shows";"";"unitedkingdom";809
"https://www.reddit.com/r/unitedkingdom/comments/yauka4/thousands_of_london_protesters_call_for_uk_to/";"https://www.theguardian.com/politics/2022/oct/22/thousands-of-london-protesters-call-for-uk-to-rejoin-eu";2022-10-22;1666462335;"Thousands of London protesters call for UK to rejoin EU | Brexit";"Anti-Brexit rally sees crowds from across UK waving EU flags and blaming Britains crises on departure from union

Thousands of protesters have marched through central London calling for the UK to rejoin the EU.

The national rejoin march on Saturday saw large crowds of people walk from Park Lane to Parliament Square. Marchers from across the UK travelled for hours to attend.";"unitedkingdom";509
"https://www.reddit.com/r/unitedkingdom/comments/wunpkg/brexit_to_blame_for_uks_sewage_problems_you_have/";"https://www.thelondoneconomic.com/news/brexit-to-blame-for-uks-sewage-problems-332728/";2022-08-22;1661156109;"Brexit to blame for UKs sewage problems - ""You have to blame the government for this whole sorry mess. The industry is out of control and it's our rivers and beaches that are picking up the tab for that profiteering.""";"";"unitedkingdom";363
"https://www.reddit.com/r/unitedkingdom/comments/10905fk/i_shouldnt_have_voted_for_brexit_i_was_lied_to/";"https://www.birminghammail.co.uk/black-country/we-were-lied-shouldnt-voted-25931723.amp";2023-01-11;1673427434;"'I shouldn't have voted for Brexit - I was lied to'";"";"unitedkingdom";959
"https://www.reddit.com/r/unitedkingdom/comments/eoky52/brexit_will_soon_have_cost_the_uk_more_than_all/";"https://www.businessinsider.com/brexit-will-cost-uk-more-than-total-payments-to-eu-2020-1?utm_source=reddit.com&r=US&IR=T";2020-01-14;1579006773;"Brexit will soon have cost the UK more than all of its payments to the EU over the last 47 years put together";"";"unitedkingdom";401
"https://www.reddit.com/r/unitedkingdom/comments/e6wwpo/jeremy_corbyn_releases_leaked_government/";"https://www.independent.co.uk/news/uk/politics/corbyn-boris-johnson-brexit-deal-leaked-government-documents-election-a9235326.html";2019-12-06;1575627059;"Jeremy Corbyn releases leaked government documents that show Boris Johnson 'lied about Brexit deal'. Labour says document is 'cold hard evidence' that prime minister is 'misleading' people about his Brexit deal.";"";"unitedkingdom";513
"https://www.reddit.com/r/unitedkingdom/comments/100gwt0/brexit_poll_twothirds_of_britons_now_support/";"https://www.independent.co.uk/news/uk/politics/brexit-poll-referendum-rejoin-eu-b2250813.html";2023-01-01;1672568727;"Brexit poll: Two-thirds of Britons now support future referendum on rejoining the EU";"";"unitedkingdom";755
"https://www.reddit.com/r/unitedkingdom/comments/rzo5pd/farmers_to_have_18_billion_prebrexit_cash_removed/";"https://www.thelondoneconomic.com/news/uk-farmers-brexit-eu-cash-307548/";2022-01-09;1641721258;"Farmers to have £1.8 billion pre-Brexit cash removed amid warning many will go bust";"";"unitedkingdom";887
"https://www.reddit.com/r/unitedkingdom/comments/vnzxqx/almost_half_of_brits_say_brexit_has_made_their/";"https://www.walesonline.co.uk/news/politics/brexit-news-latest-updates-wales-24357601";2022-06-30;1656564881;"Almost half of Brits say Brexit has made their daily life worse, poll finds - Wales Online";"";"unitedkingdom";538
"https://www.reddit.com/r/unitedkingdom/comments/e5g7mz/tory_minister_admits_us_will_be_able_to_increase/";"https://www.independent.co.uk/news/uk/politics/dominic-raab-brexit-nhs-privatisation-trump-us-drugs-price-increase-a9230661.html";2019-12-03;1575374856;"Tory minister admits US will be able to increase price of drugs bought by NHS after Brexit";"";"unitedkingdom";416
"https://www.reddit.com/r/unitedkingdom/comments/aljb2f/britain_to_repeat_its_brexit_offer_loudly_and/";"https://newsthump.com/2019/01/30/britain-to-repeat-its-brexit-offer-loudly-and-slowly-until-the-foreigners-get-it/";2019-01-30;1548892605;"Britain to repeat its Brexit offer loudly and slowly until the foreigners get it.";"";"unitedkingdom";240
"https://www.reddit.com/r/unitedkingdom/comments/a4lcz7/my_precious_brexit/";"https://www.youtube.com/watch?v=Tjp5OmoDYQM&feature=youtu.be&fbclid=IwAR0_YtcJC1gYcUZVzp4TFirG5KBcrOQrjKNcQejLKV9DIZrwqgN1qx9pbHc";2018-12-09;1544366038;"My precious brexit";"";"unitedkingdom";242
"https://www.reddit.com/r/unitedkingdom/comments/zotz0t/we_didnt_vote_for_this_anger_over_brexit_failures/";"https://www.theguardian.com/politics/2022/dec/18/anger-brexit-tories-red-wall-conservatives-reform-uk-party-immigration";2022-12-18;1671352657;"We didnt vote for this: anger over Brexit failures is haunting the Tories";"";"unitedkingdom";716
"https://www.reddit.com/r/unitedkingdom/comments/umejl1/uk_has_given_up_on_brexit_talks_and_plans_to_kill/";"https://www.cityam.com/uk-has-given-up-on-brexit-talks-and-plans-to-kill-off-northern-ireland-protocol-next-week-as-trade-war-with-eu-looms/";2022-05-10;1652174239;"UK has 'given up' on Brexit talks and plans to kill off Northern Ireland Protocol next week as trade war with EU looms";"";"unitedkingdom";697
"https://www.reddit.com/r/unitedkingdom/comments/qi5rzt/brexit_overtakes_covid_as_the_british_publics/";"https://www.independent.co.uk/news/uk/politics/brexit-covid-top-concern-poll-b1947002.html";2021-10-29;1635486097;"Brexit overtakes Covid as the British publics biggest concern";"";"unitedkingdom";614
"https://www.reddit.com/r/unitedkingdom/comments/6j79g0/lord_buckethead_a_pain_au_chocolat_could/";"https://www.theguardian.com/music/2017/jun/24/lord-buckethead-theresa-may-glastonbury-sleaford-mods";2017-06-24;1498295688;"Lord Buckethead: 'A pain au chocolat could negotiate Brexit better than Theresa May'";"";"unitedkingdom";183
"https://www.reddit.com/r/unitedkingdom/comments/qomibr/uks_brexit_losses_more_than_178_times_bigger_than/";"https://www.independent.co.uk/news/uk/politics/brexit-trade-deals-australia-new-zealand-b1952442.html";2021-11-07;1636283797;"UKs Brexit losses more than 178 times bigger than trade deal gains. All trade deals combined worth less than 50p per person a year, analysis of government figures shows.";"";"unitedkingdom";555
"https://www.reddit.com/r/unitedkingdom/comments/izkeps/sir_jim_ratcliffe_the_uks_richest_person_and/";"https://www.theguardian.com/business/2020/sep/25/sir-jim-ratcliffe-uks-richest-person-moves-to-tax-free-monaco-brexit-ineos-domicile?CMP=Share_iOSApp_Other";2020-09-25;1601044080;"Sir Jim Ratcliffe, the UKs richest person and high-profile Brexiter, has quit Britain for tax-free Monaco";"";"unitedkingdom";469
"https://www.reddit.com/r/unitedkingdom/comments/v0txn4/same_nightmare_week_after_week_uk_firms_fed_up/";"https://www.theguardian.com/business/2022/may/30/brexit-uk-firms-eu-trade-northern-ireland";2022-05-30;1653892087;"Same nightmare week after week: UK firms fed up with post-Brexit EU trade";"";"unitedkingdom";602
"https://www.reddit.com/r/unitedkingdom/comments/anpyul/tusk_special_place_in_hell_for_those_who_promoted/";"https://news.sky.com/story/pmqs-live-deputy-stands-in-for-may-as-she-bids-for-brexit-breakthrough-11629631?inApp=true";2019-02-06;1549454092;"Tusk: 'Special place in hell' for those who promoted Brexit with no plan";"";"unitedkingdom";677
"https://www.reddit.com/r/unitedkingdom/comments/b0bva4/brexit_deal_rejected/";"https://www.theguardian.com/politics/live/2019/mar/12/brexit-mps-vote-theresa-may-backstop-deal-jeremy-corbyn-politics-live?page=with:block-5c88048be4b016d23425a7bc#block-5c88048be4b016d23425a7bc";2019-03-12;1552418655;"Brexit deal REJECTED.";"";"unitedkingdom";1845
"https://www.reddit.com/r/unitedkingdom/comments/9xkqpy/we_are_prepared_for_britain_to_cancel_brexit_says/";"https://www.independent.co.uk/news/uk/politics/brexit-latest-second-referendum-cancel-eu-president-donald-tusk-theresa-may-a8635676.html";2018-11-16;1542360957;"We are prepared for Britain to cancel Brexit, says EU president";"";"unitedkingdom";726
"https://www.reddit.com/r/unitedkingdom/comments/yfopiq/brexit_rejoining_eu_takes_record_14point_lead_in/";"https://www.independent.co.uk/news/uk/politics/brexit-eu-rejoin-poll-b2212730.html";2022-10-28;1666964989;"Brexit: Rejoining EU takes record 14-point lead in latest poll | The Independent";"";"unitedkingdom";627
"https://www.reddit.com/r/unitedkingdom/comments/b61ptd/uk_meps_voted_for_article_13_not_against_it_so/";"https://docs.google.com/spreadsheets/d/1k0qLyfcc6CEu0uDsFQfQXNHnh0p1a__qUoUPqDUIoYU/edit#gid=0";2019-03-27;1553673885;"UK MEPs voted for article 13, not against it. So before you even try using it as an excuse to spin as to why Brexit is good don't even bother. 'Elected' UK MEPs voted against your interests but guess what there are EU elections where you could have changed that";"";"unitedkingdom";492
"https://www.reddit.com/r/unitedkingdom/comments/tj80tm/only_in_brexit_la_la_land_is_johnson_leading/";"https://www.independent.co.uk/news/uk/politics/boris-johnson-russia-ukraine-putin-brexit-alexander-stubb-b2040273.html";2022-03-21;1647855879;"Only in Brexit La La land is Johnson leading opposition to Putin, ex-Finnish prime minister says";"";"unitedkingdom";411
"https://www.reddit.com/r/unitedkingdom/comments/rv3xnw/brexiteer_edwina_currie_roasted_for_failing_to/";"https://www.indy100.com/politics/edwina-currie-brexit-benefit-lbc-b1985889";2022-01-03;1641222998;"Brexiteer Edwina Currie roasted for failing to come up with tangible benefits of Brexit";"";"unitedkingdom";705
"https://www.reddit.com/r/unitedkingdom/comments/kx6bao/boris_johnson_has_not_read_text_of_brexit_trade/";"https://www.independent.co.uk/news/uk/politics/brexit-trade-deal-text-boris-johnson-b1787270.html";2021-01-14;1610633385;"Boris Johnson has not read text of Brexit trade deal, Downing Street signals";"";"unitedkingdom";395
"https://www.reddit.com/r/unitedkingdom/comments/a8jpuj/frankie_boyles_review_of_2018_lets_forget_brexit/";"https://www.theguardian.com/politics/2018/dec/22/frankie-boyle-review-2018-forget-brexit";2018-12-22;1545473049;"Frankie Boyles review of 2018: 'Let's forget Brexit and enjoy our last Christmas with running water'";"";"unitedkingdom";150
"https://www.reddit.com/r/unitedkingdom/comments/ewqd1t/brexit_eus_official_anthem_ode_to_joy_hits_no1_on/";"https://www.euronews.com/2020/01/30/brexit-remainers-hoping-ode-to-joy-will-smash-uk-top-40-on-exit-day";2020-01-31;1580485921;"Brexit: EU's official anthem Ode to Joy hits No1 on UK download chart";"";"unitedkingdom";611
"https://www.reddit.com/r/unitedkingdom/comments/ary0z3/support_and_spread_this_petition_far_and/";"https://petition.parliament.uk/petitions/239406";2019-02-18;1550501984;"Support and spread this petition far and wide:Undertake an independent enquiry into the role of Russia in Brexit.";"";"unitedkingdom";228
"https://www.reddit.com/r/unitedkingdom/comments/dsfe0j/john_bercow_brands_brexit_biggest_mistake_since/";"https://www.mirror.co.uk/news/politics/john-bercow-brands-brexit-biggest-20823373";2019-11-06;1573042024;"John Bercow brands Brexit 'biggest mistake since WW2' as he finally confirms view";"";"unitedkingdom";284
"https://www.reddit.com/r/unitedkingdom/comments/a5rqpa/63_of_the_vote_is_not_a_big_enough_majority/";"https://newsthump.com/2018/12/12/63-of-the-vote-is-not-a-big-enough-majority-insist-irony-free-brexiters/?utm_campaign=shareaholic&utm_medium=reddit&utm_source=news";2018-12-13;1544690195;"""63% of the vote is not a big enough majority"" insist irony-free Brexiters";"";"unitedkingdom";223
"https://www.reddit.com/r/unitedkingdom/comments/af6ub5/david_lammy_brexit_speech_10th_january_2019/";"https://www.youtube.com/watch?v=1XEj64IFzQ8";2019-01-12;1547294994;"David Lammy - Brexit speech - 10th January 2019";"";"unitedkingdom";280
"https://www.reddit.com/r/unitedkingdom/comments/dlupas/one_million_protesters_demand_second_brexit/";"https://www.independent.co.uk/news/uk/politics/brexit-march-london-million-protesters-peoples-vote-boris-johnson-extension-a9162936.html?utm_medium=Social&utm_source=Facebook&fbclid=IwAR1sxgmDW0vDFopP8l9AiqAiU2IJdqh2o6nKC-DZugTZBzbogM5EM4M6cyQ#Echobox=1571495291";2019-10-23;1571808627;"One million protesters demand second Brexit referendum in London";"";"unitedkingdom";598
"https://www.reddit.com/r/unitedkingdom/comments/bbni8s/scientists_release_first_ever_image_of_brexit/";"https://newsthump.com/2019/04/10/scientists-release-first-ever-image-of-brexit/";2019-04-10;1554910963;"Scientists release first ever image of Brexit";"";"unitedkingdom";77
"https://www.reddit.com/r/unitedkingdom/comments/bcktnf/tv_fans_delighted_as_brexit_renewed_for_another/";"https://newsthump.com/2019/04/11/tv-fans-delighted-as-brexit-renewed-for-another-season/";2019-04-13;1555114816;"TV fans delighted as Brexit renewed for another season";"";"unitedkingdom";105
"https://www.reddit.com/r/unitedkingdom/comments/90wvhi/second_brexit_vote_morally_justified_as_poll/";"https://www.standard.co.uk/news/politics/brexit-latest-second-referendum-morally-justified-as-poll-shows-support-for-staying-in-the-eu-a3893256.html";2018-07-22;1532255036;"Second Brexit vote 'morally justified' as poll shows support for remaining in EU";"";"unitedkingdom";491
"https://www.reddit.com/r/unitedkingdom/comments/t8iaf5/uk_considers_using_brexit_freedom_to_allow/";"https://www.independent.co.uk/news/uk/politics/brexit-pesticides-eu-uk-chemicals-b2025950.html";2022-03-07;1646632079;"UK considers using Brexit freedom to allow pesticides banned in EU on food";"";"unitedkingdom";287
"https://www.reddit.com/r/unitedkingdom/comments/vkhdxn/what_have_we_done_six_years_on_uk_counts_the_cost/";"https://www.theguardian.com/politics/2022/jun/25/what-have-we-done-six-years-on-uk-counts-the-cost-of-brexit";2022-06-25;1656170737;"What have we done?: six years on, UK counts the cost of Brexit";"";"unitedkingdom";600
"https://www.reddit.com/r/unitedkingdom/comments/qjksia/brexit_is_harming_the_uk_economy_say_44_of_voters/";"https://www.theguardian.com/politics/2021/oct/30/brexit-is-harming-the-uk-economy-say-44-of-voters";2021-10-31;1635666803;"Brexit is harming the UK economy, say 44% of voters";"";"unitedkingdom";412
"https://www.reddit.com/r/unitedkingdom/comments/a4tsck/uk_can_cancel_brexit_by_unilaterally_revoking/";"https://www.independent.co.uk/news/uk/politics/brexit-court-case-ecj-ruling-article-50-theresa-may-deal-uk-european-court-justice-latest-a8675541.html";2018-12-10;1544429361;"UK can cancel Brexit by unilaterally revoking Article 50, European Court of Justice rules";"";"unitedkingdom";504
"https://www.reddit.com/r/unitedkingdom/comments/f3qfsq/brexiteer_complains_he_has_to_wait_in_queue_at_eu/";"https://www.independent.co.uk/news/uk/home-news/brexit-eu-airport-queue-immigration-brexiteer-amsterdam-airport-schiphol-a9335281.html?utm_medium=Social&utm_source=Facebook#Echobox=1581675654";2020-02-14;1581676682;"Brexiteer complains he has to wait in queue at EU airport";"";"unitedkingdom";743
"https://www.reddit.com/r/unitedkingdom/comments/920kcz/brexit_not_too_late_for_uk_to_change_its_mind_and/";"https://www.theguardian.com/politics/blog/live/2018/jul/26/brexit-not-too-late-for-uk-to-change-its-mind-and-stay-in-eu-on-same-terms-says-french-minister-politics-live";2018-07-26;1532594859;"Brexit: Not too late for UK to change its mind and stay in EU on same terms, says French minister - Politics live | Politics";"";"unitedkingdom";474
"https://www.reddit.com/r/unitedkingdom/comments/dwo93f/uk_prime_minister_withholding_report_on_russias/";"https://www.msnbc.com/rachel-maddow/watch/uk-prime-minister-withholding-report-on-russia-s-role-in-brexit-72912453798";2019-11-15;1573809134;"UK prime minister withholding report on Russia's role in Brexit - Rachel Maddow";"";"unitedkingdom";192
"https://www.reddit.com/r/unitedkingdom/comments/9hfual/emmanuel_macron_calls_brexit_campaign_leaders/";"https://www.independent.co.uk/news/uk/politics/brexit-talks-latest-eu-emmanuel-macron-brexiteer-liars-no-deal-a8547146.html?";2018-09-20;1537454356;"Emmanuel Macron calls Brexit campaign leaders 'liars', in extraordinary attack";"";"unitedkingdom";412
"https://www.reddit.com/r/unitedkingdom/comments/j909bj/brexit_anger_as_ministers_use_obscure_rule_to/";"https://www.independent.co.uk/news/uk/politics/brexit-chlorinated-chicken-eu-mps-boris-johnson-b914047.html";2020-10-11;1602396811;"Brexit: Anger as ministers use obscure rule to deny MPs a vote on blocking chlorinated chicken imports";"";"unitedkingdom";488
"https://www.reddit.com/r/unitedkingdom/comments/8nh8vk/anger_among_brits_in_france_after_brexit_champion/";"https://www.thelocal.fr/20180531/anger-among-brits-in-france-after-brexit-campaigner-applies-for-residency";2018-05-31;1527761552;"Anger among Brits in France after Brexit champion applies for residency. The news that Lord Lawson, a long-time British immigrant in France and leading Brexit campaigner has applied for a carte de séjour residency permit has provoked anger among UK residents on this side of the channel.";"";"unitedkingdom";316
"https://www.reddit.com/r/unitedkingdom/comments/9047rq/why_is_britain_turning_blind_eye_to_leave_sides/";"https://www.irishtimes.com/opinion/why-is-britain-turning-blind-eye-to-leave-side-s-lawbreaking-1.3568256";2018-07-19;1531990908;"Why is Britain turning blind eye to Leave sides lawbreaking? Illegal fund activity linked to Brexit being ignored in belief the people have spoken.";"";"unitedkingdom";342
